sequence,label,position,residue,saliency
FLRRIRAWLRR,is_anti_gram_positive,0,F,1.0698511600494385
FLRRIRAWLRR,is_anti_gram_positive,1,L,0.7758776545524597
FLRRIRAWLRR,is_anti_gram_positive,2,R,0.618427574634552
FLRRIRAWLRR,is_anti_gram_positive,3,R,0.6630769968032837
FLRRIRAWLRR,is_anti_gram_positive,4,I,0.7972385287284851
FLRRIRAWLRR,is_anti_gram_positive,5,R,0.7548539042472839
FLRRIRAWLRR,is_anti_gram_positive,6,A,0.8749305009841919
FLRRIRAWLRR,is_anti_gram_positive,7,W,1.2860289812088013
FLRRIRAWLRR,is_anti_gram_positive,8,L,1.047375202178955
FLRRIRAWLRR,is_anti_gram_positive,9,R,1.1958916187286377
FLRRIRAWLRR,is_anti_gram_positive,10,R,1.2375049591064453
FLRRIRAWLRR,is_antifungal,0,F,1.5719088315963745
FLRRIRAWLRR,is_antifungal,1,L,1.1171603202819824
FLRRIRAWLRR,is_antifungal,2,R,1.0919251441955566
FLRRIRAWLRR,is_antifungal,3,R,0.8464797139167786
FLRRIRAWLRR,is_antifungal,4,I,0.696012020111084
FLRRIRAWLRR,is_antifungal,5,R,0.7431560158729553
FLRRIRAWLRR,is_antifungal,6,A,0.6874110698699951
FLRRIRAWLRR,is_antifungal,7,W,0.8105499744415283
FLRRIRAWLRR,is_antifungal,8,L,1.0646190643310547
FLRRIRAWLRR,is_antifungal,9,R,0.972632646560669
FLRRIRAWLRR,is_antifungal,10,R,1.0724124908447266
RGGRLYFNGRFRRKRRRV,is_anti_gram_positive,0,R,0.47043582797050476
RGGRLYFNGRFRRKRRRV,is_anti_gram_positive,1,G,0.4292944669723511
RGGRLYFNGRFRRKRRRV,is_anti_gram_positive,2,G,0.4075325131416321
RGGRLYFNGRFRRKRRRV,is_anti_gram_positive,3,R,0.4324069917201996
RGGRLYFNGRFRRKRRRV,is_anti_gram_positive,4,L,0.37367263436317444
RGGRLYFNGRFRRKRRRV,is_anti_gram_positive,5,Y,0.6129536032676697
RGGRLYFNGRFRRKRRRV,is_anti_gram_positive,6,F,0.5622400045394897
RGGRLYFNGRFRRKRRRV,is_anti_gram_positive,7,N,0.4293442964553833
RGGRLYFNGRFRRKRRRV,is_anti_gram_positive,8,G,0.42063209414482117
RGGRLYFNGRFRRKRRRV,is_anti_gram_positive,9,R,0.3677337169647217
RGGRLYFNGRFRRKRRRV,is_anti_gram_positive,10,F,0.6852330565452576
RGGRLYFNGRFRRKRRRV,is_anti_gram_positive,11,R,0.3887941837310791
RGGRLYFNGRFRRKRRRV,is_anti_gram_positive,12,R,0.3996678292751312
RGGRLYFNGRFRRKRRRV,is_anti_gram_positive,13,K,0.4761515259742737
RGGRLYFNGRFRRKRRRV,is_anti_gram_positive,14,R,0.6164354085922241
RGGRLYFNGRFRRKRRRV,is_anti_gram_positive,15,R,0.6995754241943359
RGGRLYFNGRFRRKRRRV,is_anti_gram_positive,16,R,0.5828042030334473
RGGRLYFNGRFRRKRRRV,is_anti_gram_positive,17,V,0.754014790058136
RGGRLYFNGRFRRKRRRV,is_antifungal,0,R,1.1057695150375366
RGGRLYFNGRFRRKRRRV,is_antifungal,1,G,0.9544920921325684
RGGRLYFNGRFRRKRRRV,is_antifungal,2,G,0.8357707858085632
RGGRLYFNGRFRRKRRRV,is_antifungal,3,R,0.734074056148529
RGGRLYFNGRFRRKRRRV,is_antifungal,4,L,0.6637619137763977
RGGRLYFNGRFRRKRRRV,is_antifungal,5,Y,0.8616490960121155
RGGRLYFNGRFRRKRRRV,is_antifungal,6,F,0.7910483479499817
RGGRLYFNGRFRRKRRRV,is_antifungal,7,N,0.5911699533462524
RGGRLYFNGRFRRKRRRV,is_antifungal,8,G,0.5807254910469055
RGGRLYFNGRFRRKRRRV,is_antifungal,9,R,0.5250908732414246
RGGRLYFNGRFRRKRRRV,is_antifungal,10,F,0.7971704602241516
RGGRLYFNGRFRRKRRRV,is_antifungal,11,R,0.5961331129074097
RGGRLYFNGRFRRKRRRV,is_antifungal,12,R,0.6322231888771057
RGGRLYFNGRFRRKRRRV,is_antifungal,13,K,0.8262151479721069
RGGRLYFNGRFRRKRRRV,is_antifungal,14,R,0.8770807981491089
RGGRLYFNGRFRRKRRRV,is_antifungal,15,R,0.9906782507896423
RGGRLYFNGRFRRKRRRV,is_antifungal,16,R,1.041458249092102
RGGRLYFNGRFRRKRRRV,is_antifungal,17,V,1.4823634624481201
FLPLLAGLLANFL,is_anti_gram_positive,0,F,0.743958592414856
FLPLLAGLLANFL,is_anti_gram_positive,1,L,0.43727460503578186
FLPLLAGLLANFL,is_anti_gram_positive,2,P,0.5221737027168274
FLPLLAGLLANFL,is_anti_gram_positive,3,L,0.5229461193084717
FLPLLAGLLANFL,is_anti_gram_positive,4,L,0.5294860005378723
FLPLLAGLLANFL,is_anti_gram_positive,5,A,0.5166437029838562
FLPLLAGLLANFL,is_anti_gram_positive,6,G,0.6550782322883606
FLPLLAGLLANFL,is_anti_gram_positive,7,L,0.509189248085022
FLPLLAGLLANFL,is_anti_gram_positive,8,L,0.468895822763443
FLPLLAGLLANFL,is_anti_gram_positive,9,A,0.37724676728248596
FLPLLAGLLANFL,is_anti_gram_positive,10,N,0.44597381353378296
FLPLLAGLLANFL,is_anti_gram_positive,11,F,0.4885398745536804
FLPLLAGLLANFL,is_anti_gram_positive,12,L,0.42781516909599304
FLPLLAGLLANFL,is_antifungal,0,F,0.6247848868370056
FLPLLAGLLANFL,is_antifungal,1,L,0.47443145513534546
FLPLLAGLLANFL,is_antifungal,2,P,0.4749249219894409
FLPLLAGLLANFL,is_antifungal,3,L,0.30613669753074646
FLPLLAGLLANFL,is_antifungal,4,L,0.2713452875614166
FLPLLAGLLANFL,is_antifungal,5,A,0.331525981426239
FLPLLAGLLANFL,is_antifungal,6,G,0.42071300745010376
FLPLLAGLLANFL,is_antifungal,7,L,0.36127182841300964
FLPLLAGLLANFL,is_antifungal,8,L,0.40571436285972595
FLPLLAGLLANFL,is_antifungal,9,A,0.364358127117157
FLPLLAGLLANFL,is_antifungal,10,N,0.42964041233062744
FLPLLAGLLANFL,is_antifungal,11,F,0.42495349049568176
FLPLLAGLLANFL,is_antifungal,12,L,0.45483848452568054
