sequence,condition,condition_slug,record_index,record_id,length
GILSGLLGAGKKLACGLIGLC,Antibacterial,antibacterial,1,reference__antibacterial__0001,21
GWRLGKKILRVLKVL,Antibacterial,antibacterial,2,reference__antibacterial__0002,15
GLLKRIKFLL,Antibacterial,antibacterial,3,reference__antibacterial__0003,10
KSCCRNTVARNCYNVCRIPGTPRPVCAATCDCKLITGTKCPPGYEK,Antibacterial,antibacterial,4,reference__antibacterial__0004,46
AWQAIARLIKGRGRKKYGRIIIIG,Antibacterial,antibacterial,5,reference__antibacterial__0005,24
IKKIWSKIKKWWK,Antibacterial,antibacterial,6,reference__antibacterial__0006,13
VCSCRLVFCRRTELRVGNCLIGGVSFTYCCARV,Antibacterial,antibacterial,7,reference__antibacterial__0007,33
GIPCGESCVWIPCISAALGCSCKNKVCYRN,Antibacterial,antibacterial,8,reference__antibacterial__0008,30
GILSGVLGMGKKIVCGLSGLC,Antibacterial,antibacterial,9,reference__antibacterial__0009,21
FLKLRLWKRLLWKLK,Antibacterial,antibacterial,10,reference__antibacterial__0010,15
TGIATSGATFTLHTGSLAPAT,Antibacterial,antibacterial,11,reference__antibacterial__0011,21
FLSTLLNVASNVVPTLICKITKKC,Antibacterial,antibacterial,12,reference__antibacterial__0012,24
AIKLVQSPNGNFAASFVLDGTKWIFKSKYYDSSKGYWVGIYEVWDRK,Antibacterial,antibacterial,13,reference__antibacterial__0013,47
GFCRCFCRRGVCRCVCTR,Antibacterial,antibacterial,14,reference__antibacterial__0014,18
TPPQS,Antibacterial,antibacterial,15,reference__antibacterial__0015,5
RIIDRLWRVRRPQKPKFVIVWVR,Antibacterial,antibacterial,16,reference__antibacterial__0016,23
QGVRSYLSCWGNRGICLLNRCPGRMRQIGTCLAPRVKCCR,Antibacterial,antibacterial,17,reference__antibacterial__0017,40
GAIKDALKGAAKTVAVELLKKAQCKLEKTC,Antibacterial,antibacterial,18,reference__antibacterial__0018,30
ARTKQTARKSTGGKAPRKQLAT,Antibacterial,antibacterial,19,reference__antibacterial__0019,22
RIIDRLWRVRRPQKPKFVTVWVR,Antibacterial,antibacterial,20,reference__antibacterial__0020,23
LAFVAGVAAEMMQHVYCAASKKC,Antibacterial,antibacterial,21,reference__antibacterial__0021,23
GIKEFKRIVQRIKDFLRNLV,Antibacterial,antibacterial,22,reference__antibacterial__0022,20
FKCRRWQWRMKKLGAPSITCVRRAF,Antibacterial,antibacterial,23,reference__antibacterial__0023,25
AQCGAQGGGATCPGGLCCSQWGWCGSTPKYCGAGCQSNCR,Antibacterial,antibacterial,24,reference__antibacterial__0024,40
VCSCRLVFCRRTELRVGNCLAGGVSFTYCCTRV,Antibacterial,antibacterial,25,reference__antibacterial__0025,33
GWWRRTVAKVRA,Antibacterial,antibacterial,26,reference__antibacterial__0026,12
KKLRLKIAFK,Antibacterial,antibacterial,27,reference__antibacterial__0027,10
GIMDTLKNLAKTAGKGALQSLLNKASCKLSGQC,Antibacterial,antibacterial,28,reference__antibacterial__0028,33
AVYLPNCDRKGFYKRKQCKPSR,Antibacterial,antibacterial,29,reference__antibacterial__0029,22
SGKLWWRRKK,Antibacterial,antibacterial,30,reference__antibacterial__0030,10
IIKKIIKKIIKKI,Antibacterial,antibacterial,31,reference__antibacterial__0031,13
AKKVFKRLEKLFSKIQNDK,Antibacterial,antibacterial,32,reference__antibacterial__0032,19
KYGFYTHVFRLKKWIQKVIDQFGE,Antibacterial,antibacterial,33,reference__antibacterial__0033,24
FRRWWKWFK,Antibacterial,antibacterial,34,reference__antibacterial__0034,9
RWWLRRIW,Antibacterial,antibacterial,35,reference__antibacterial__0035,8
VPLSRTVRCTCISI,Antibacterial,antibacterial,36,reference__antibacterial__0036,14
RKKWWAYLLAKIAKKVK,Antibacterial,antibacterial,37,reference__antibacterial__0037,17
FFRLLFHGVHHVGKIKPRA,Antibacterial,antibacterial,38,reference__antibacterial__0038,19
RICRCRIGRCLGLEVYFGVCFLHGRLARRCCR,Antibacterial,antibacterial,39,reference__antibacterial__0039,32
GFGCNGPWSADDLRCHRHCKSIKGYRGGYCAKGGFVCKCY,Antibacterial,antibacterial,40,reference__antibacterial__0040,40
RLQLNYKGKMWCPGW,Antibacterial,antibacterial,41,reference__antibacterial__0041,15
AWLDKLKSIGKVVGKVAIGVAKNLLNPQ,Antibacterial,antibacterial,42,reference__antibacterial__0042,28
KFNFKHYKTLKSLNKMIKVGINGFGRIGRFVFRAAMKRNDI,Antibacterial,antibacterial,43,reference__antibacterial__0043,41
GILKKFMLHRGTKVYKMRTLSKRSH,Antibacterial,antibacterial,44,reference__antibacterial__0044,25
KKRLKKIFKKPMVIGVTIPF,Antibacterial,antibacterial,45,reference__antibacterial__0045,20
FWGALAKGALKLIPSLVSSFTKKD,Antibacterial,antibacterial,46,reference__antibacterial__0046,24
FWGHIWNAVKRVGANALHGAVTGALS,Antibacterial,antibacterial,47,reference__antibacterial__0047,26
KRIGLIRLIGKILRGLRRLG,Antibacterial,antibacterial,48,reference__antibacterial__0048,20
YRGGYTGPIPRPPPIGRPPFRPVCNACYRLSVSDARNCCIKFGSCCHLVK,Antibacterial,antibacterial,49,reference__antibacterial__0049,50
RFCVYAYVRVRGVLVRYRRCF,Antibacterial,antibacterial,50,reference__antibacterial__0050,21
GLLSGVLGVGKKIVCGLSGLC,Antibacterial,antibacterial,51,reference__antibacterial__0051,21
FLPVIAGVLSKLF,Antibacterial,antibacterial,52,reference__antibacterial__0052,13
CFKKDGAKVQKRIRPIKKALRKVLVFFAKHN,Antibacterial,antibacterial,53,reference__antibacterial__0053,31
ACYCRIPACLAGERRYGTCFYMGRVWAFCC,Antibacterial,antibacterial,54,reference__antibacterial__0054,30
LRDLVCYCRARGCKGRERMNGTCRKGHLLYMLCCR,Antibacterial,antibacterial,55,reference__antibacterial__0055,35
GFARIVQRIKDFLRNLV,Antibacterial,antibacterial,56,reference__antibacterial__0056,17
SLWKKIFKPVEKLGQRVRDAGIQGIAIAQQGANVLATVRGGPPQQG,Antibacterial,antibacterial,57,reference__antibacterial__0057,46
MTPFWRGVSLRPIGASCRDDSECITRLCRKRRCSLSVAQE,Antibacterial,antibacterial,58,reference__antibacterial__0058,40
GLFDSITQGLKDTAVKLLDKIKCKLSACPPA,Antibacterial,antibacterial,59,reference__antibacterial__0059,31
FALGAVTKRLPSLFCLITRKC,Antibacterial,antibacterial,60,reference__antibacterial__0060,21
VCSCRLAFCRRTELRVGNCLIGGVSFTYCCTRV,Antibacterial,antibacterial,61,reference__antibacterial__0061,33
FFFLSRIF,Antibacterial,antibacterial,62,reference__antibacterial__0062,8
GLFLDTLKKFAKAGMEAVINPK,Antibacterial,antibacterial,63,reference__antibacterial__0063,22
SCTCRRAWICRWGERHSGKCIDQKGSTYRLCCRR,Antibacterial,antibacterial,64,reference__antibacterial__0064,34
FDIMGLIKKVAGAL,Antibacterial,antibacterial,65,reference__antibacterial__0065,14
FIGAAARLASKIF,Antibacterial,antibacterial,66,reference__antibacterial__0066,13
AFCWNVCVYRNAVRVCHRRCN,Antibacterial,antibacterial,67,reference__antibacterial__0067,21
AVAVVGQATQIAKKWKLFKKIEKVGQ,Antibacterial,antibacterial,68,reference__antibacterial__0068,26
GLFSVVKGVLKGVGKNVSGSLLDQLKCKISGGC,Antibacterial,antibacterial,69,reference__antibacterial__0069,33
GFGCPLDQMQCHRHCQTITGRSGGYCSGPLKLTCTCYR,Antibacterial,antibacterial,70,reference__antibacterial__0070,38
VTCDVLRFEAKGIAVPHSACALHCIALRKKGGSCQNGVCVCRN,Antibacterial,antibacterial,71,reference__antibacterial__0071,43
FLPLIGKVLSGIL,Antibacterial,antibacterial,72,reference__antibacterial__0072,13
QPFIPRPIDTCRLRNGICFPGICRRPYYWIGTCNNGIGSCCARGWRS,Antibacterial,antibacterial,73,reference__antibacterial__0073,47
FDLLGLVKKVASAL,Antibacterial,antibacterial,74,reference__antibacterial__0074,14
GFMKYIGPLIPHAVKAISDLI,Antibacterial,antibacterial,75,reference__antibacterial__0075,21
FKLFKKIPKFLHLAKKF,Antibacterial,antibacterial,76,reference__antibacterial__0076,17
FPWSCLSLSGVCRKVCLPTELFFGPLGCGKGSLCCVSHFL,Antibacterial,antibacterial,77,reference__antibacterial__0077,40
DHYICAKKGGTCNFSPCPLFNRIEGTCYSGKAKCCIR,Antibacterial,antibacterial,78,reference__antibacterial__0078,37
GIKDWIKGAAKKLIKTVASNIANQ,Antibacterial,antibacterial,79,reference__antibacterial__0079,24
FIGRIARLLRKIF,Antibacterial,antibacterial,80,reference__antibacterial__0080,13
GIRRILRYGRRS,Antibacterial,antibacterial,81,reference__antibacterial__0081,12
RWRRFWGKAKRGIKK,Antibacterial,antibacterial,82,reference__antibacterial__0082,15
GFKRIVQRIKDKLRNLV,Antibacterial,antibacterial,83,reference__antibacterial__0083,17
TSRCIFYRRKKCS,Antibacterial,antibacterial,84,reference__antibacterial__0084,13
LKRVWKRVFKLLKRYKRQLKKPVR,Antibacterial,antibacterial,85,reference__antibacterial__0085,24
GIGSLLAKAAKLGANLL,Antibacterial,antibacterial,86,reference__antibacterial__0086,17
IIGHLIKTALGMLGL,Antibacterial,antibacterial,87,reference__antibacterial__0087,15
KRLKKIGKVLKWIPPIVGSI,Antibacterial,antibacterial,88,reference__antibacterial__0088,20
GIKCRFCCGCCIPRVCGLCCRF,Antibacterial,antibacterial,89,reference__antibacterial__0089,22
SLWENFKNAGKKFILNILDKIRCRVAGGCRT,Antibacterial,antibacterial,90,reference__antibacterial__0090,31
IILLLLKKFLKKW,Antibacterial,antibacterial,91,reference__antibacterial__0091,13
RFIYMKGFGKPRFGKR,Antibacterial,antibacterial,92,reference__antibacterial__0092,16
GCRFCCNCCPNMSGCGVCCRF,Antibacterial,antibacterial,93,reference__antibacterial__0093,21
RRGKDSGGPKMGRKDSKGCWRGRPGSGSRPGFGSGIAGASGVNHVGTLPA,Antibacterial,antibacterial,94,reference__antibacterial__0094,50
QSHLSMCRYCCNCCRNNKGCGFCCKF,Antibacterial,antibacterial,95,reference__antibacterial__0095,26
RRFPWWWPFRR,Antibacterial,antibacterial,96,reference__antibacterial__0096,11
INWLKAKKVAGMIL,Antibacterial,antibacterial,97,reference__antibacterial__0097,14
WRWRW,Antibacterial,antibacterial,98,reference__antibacterial__0098,5
AFTCHCRRSCYSTEYSYGTCTVMGINHRFCCL,Antibacterial,antibacterial,99,reference__antibacterial__0099,32
KFKKVIWKSFL,Antibacterial,antibacterial,100,reference__antibacterial__0100,11
GIMDTVKGVAKTVAASLLDKLKCKITGC,Antibacterial,antibacterial,101,reference__antibacterial__0101,28
PDPGQPWQVKAGRPPCYSIPCRKHDECRVGSCSRCNNGLWGDRTCR,Antibacterial,antibacterial,102,reference__antibacterial__0102,46
GLFKKLRRKIKKGFKKIF,Antibacterial,antibacterial,103,reference__antibacterial__0103,18
RFYLSKKKWVMVP,Antibacterial,antibacterial,104,reference__antibacterial__0104,13
ASFPWSCPSLSGVCRKVCLPTELFFGPLGCGKGFLCGVSHFL,Antibacterial,antibacterial,105,reference__antibacterial__0105,42
KRFKKFFRKIKKGFRKIFKKTKIFIGGTIPI,Antibacterial,antibacterial,106,reference__antibacterial__0106,31
FIKRIAKLLKKIF,Antibacterial,antibacterial,107,reference__antibacterial__0107,13
VWPLGLVICKALKIC,Antibacterial,antibacterial,108,reference__antibacterial__0108,15
PFKLSLHL,Antibacterial,antibacterial,109,reference__antibacterial__0109,8
KKFGKAFVKILK,Antibacterial,antibacterial,110,reference__antibacterial__0110,12
GFGCPLNQRACHRHCRSIGRRGGFCAGLIKQTCTCYRK,Antibacterial,antibacterial,111,reference__antibacterial__0111,38
SGISGPLSCGRNGGVCIPIRCPVPMRQIGTCFGRPVKCCRSW,Antibacterial,antibacterial,112,reference__antibacterial__0112,42
WFKKIPKFLHLAKKF,Antibacterial,antibacterial,113,reference__antibacterial__0113,15
FLPAVLKVAAHILPTAICAISRRC,Antibacterial,antibacterial,114,reference__antibacterial__0114,24
GLWSTIKQKGKEAAIAAAKAAGQAALGAL,Antibacterial,antibacterial,115,reference__antibacterial__0115,29
FKCRRWQWRMKKLG,Antibacterial,antibacterial,116,reference__antibacterial__0116,14
IIKKIIKKIIKK,Antibacterial,antibacterial,117,reference__antibacterial__0117,12
GVIIDTLKGAAKTVAAELLRKAHCKLTNSC,Antibacterial,antibacterial,118,reference__antibacterial__0118,30
AILTTLANWARKFL,Antibacterial,antibacterial,119,reference__antibacterial__0119,14
GFGCPRDQYKCNSHCQSIGCRAGYCDAVTLWLRCTCTDCNGKK,Antibacterial,antibacterial,120,reference__antibacterial__0120,43
YENPYGCPTDEGKCFDRCNDSEFEGGYCGGSYRATCVCYRT,Antibacterial,antibacterial,121,reference__antibacterial__0121,41
DHYICAKKGGTCNFSPCPLFNRIEGTCYSGKKKCCIR,Antibacterial,antibacterial,122,reference__antibacterial__0122,37
RGLRRLGRKIAHGVKKYGPTVLRIIRIAG,Antibacterial,antibacterial,123,reference__antibacterial__0123,29
VKVGINGFGRIGRLVTRAAFHGKKVEVVAIND,Antibacterial,antibacterial,124,reference__antibacterial__0124,32
ACADLRGKTFCRLFKSYCDKKGIRGRLMRDKCSYSCGCR,Antibacterial,antibacterial,125,reference__antibacterial__0125,39
IDWKKVDWKKVSKKTCKVMLKACKFLG,Antibacterial,antibacterial,126,reference__antibacterial__0126,27
KILRGVCKKIMRPFLRRISKDILTGKK,Antibacterial,antibacterial,127,reference__antibacterial__0127,27
FLPLLAGLAANFLPKIFCKITRKC,Antibacterial,antibacterial,128,reference__antibacterial__0128,24
GLLSGILGAGKQKVCGLSGLC,Antibacterial,antibacterial,129,reference__antibacterial__0129,21
ELLVDLL,Antibacterial,antibacterial,130,reference__antibacterial__0130,7
SFLSTFKKLAIDAAKNAGQSVLHTLTCKLDNQC,Antibacterial,antibacterial,131,reference__antibacterial__0131,33
AVEEE,Antibacterial,antibacterial,132,reference__antibacterial__0132,5
VIVFVASVAAEMMQHVYCAASKKC,Antibacterial,antibacterial,133,reference__antibacterial__0133,24
KKCNFFCKLKKKVKSVGSRNLIGSATHHHRIYRV,Antibacterial,antibacterial,134,reference__antibacterial__0134,34
RWRLVCFLCRRKKV,Antibacterial,antibacterial,135,reference__antibacterial__0135,14
LLRRGGEKLAEKFEKIGQKIKNFFRKLLPETES,Antibacterial,antibacterial,136,reference__antibacterial__0136,33
LVSQPSRAVYIFAKK,Antibacterial,antibacterial,137,reference__antibacterial__0137,15
RPWAGNGSVHRYTVLSPRLKTQ,Antibacterial,antibacterial,138,reference__antibacterial__0138,22
GYHGGHGGHGGGYNGGGGHGGHGGGYNGGGHHGGGGHG,Antibacterial,antibacterial,139,reference__antibacterial__0139,38
AKRLKKLAKKIWKWK,Antibacterial,antibacterial,140,reference__antibacterial__0140,15
ATCDLLSPFKVGHAACALHCIAMGRRGGWCDGRAVCNCRR,Antibacterial,antibacterial,141,reference__antibacterial__0141,40
FLGPIIKMATGILPTAICKGLKKC,Antibacterial,antibacterial,142,reference__antibacterial__0142,24
ALWKNMLKGIGKLAGKAALGAVKKLVGAES,Antibacterial,antibacterial,143,reference__antibacterial__0143,30
ILPKKWPKLPWRR,Antibacterial,antibacterial,144,reference__antibacterial__0144,13
FILYGLIRFGRLLRK,Antibacterial,antibacterial,145,reference__antibacterial__0145,15
KGFKKIEKLGRHIRDGVVKAGPAVGVVGQASSIMG,Antibacterial,antibacterial,146,reference__antibacterial__0146,35
PRKILLMVKA,Antibacterial,antibacterial,147,reference__antibacterial__0147,10
FRFKRKLPKYLLF,Antibacterial,antibacterial,148,reference__antibacterial__0148,13
GLFDIIKNIFSGL,Antibacterial,antibacterial,149,reference__antibacterial__0149,13
ISRLAGLLRKGGEKIGEKLKKIGQKIKNFFQKLVPQPE,Antibacterial,antibacterial,150,reference__antibacterial__0150,38
IFGSIYHRKCVVKNRCETVSGHKTCKDLTCCRAVIFRHERPEVCRPQT,Antibacterial,antibacterial,151,reference__antibacterial__0151,48
GLLKIIKTLL,Antibacterial,antibacterial,152,reference__antibacterial__0152,10
HGVSGHGQHGVHG,Antibacterial,antibacterial,153,reference__antibacterial__0153,13
GFMATAKNVAKNMDVTLLDNLKCKITKAC,Antibacterial,antibacterial,154,reference__antibacterial__0154,29
TGLGKIGYLMKKLLSKAKV,Antibacterial,antibacterial,155,reference__antibacterial__0155,19
KNLKSPKFT,Antibacterial,antibacterial,156,reference__antibacterial__0156,9
GWWKRVFKPVEKLGQRVRDAGIQGLEIAQQGANVLATVRGGPPQQG,Antibacterial,antibacterial,157,reference__antibacterial__0157,46
GIKKILKYGKKS,Antibacterial,antibacterial,158,reference__antibacterial__0158,12
GFGCPGDQYECNRHCRSIGCRAGYCDAVTLWLRCTCTGCSGKK,Antibacterial,antibacterial,159,reference__antibacterial__0159,43
GWKKWLRKGAKHLGQAAIKGLAS,Antibacterial,antibacterial,160,reference__antibacterial__0160,23
GFMDTAKNVFKNVAVTLLDKLKCKIAGGC,Antibacterial,antibacterial,161,reference__antibacterial__0161,29
KWKLFKKIGIGAVLKVLT,Antibacterial,antibacterial,162,reference__antibacterial__0162,18
GLFDIIKNIVSTL,Antibacterial,antibacterial,163,reference__antibacterial__0163,13
VQLRIRVRVIRK,Antibacterial,antibacterial,164,reference__antibacterial__0164,12
GFCWYVCARRNGARVCYRRCN,Antibacterial,antibacterial,165,reference__antibacterial__0165,21
FLPFLASLALKIL,Antibacterial,antibacterial,166,reference__antibacterial__0166,13
KKWRAWLKWLAKK,Antibacterial,antibacterial,167,reference__antibacterial__0167,13
GWWRRTVAKVRNAGRK,Antibacterial,antibacterial,168,reference__antibacterial__0168,16
VLGGLLKKLLKKLLKKL,Antibacterial,antibacterial,169,reference__antibacterial__0169,17
FLPILASLAAKFGPKLFCLVTKKC,Antibacterial,antibacterial,170,reference__antibacterial__0170,24
GMASKAGSVLGKLAKVAIGAL,Antibacterial,antibacterial,171,reference__antibacterial__0171,21
LGAWLAGKVAGTVATYAWNRYV,Antibacterial,antibacterial,172,reference__antibacterial__0172,22
KPFKKLEKVGRNIRDGIIKAGPAVAVIGQATSIARPTGK,Antibacterial,antibacterial,173,reference__antibacterial__0173,39
MRKEFHNVLSSGQLLADKRPARDYNRK,Antibacterial,antibacterial,174,reference__antibacterial__0174,27
RRVCRNTRRVCRNT,Antibacterial,antibacterial,175,reference__antibacterial__0175,14
FFGHLFRGIINVGKHIHGLLSG,Antibacterial,antibacterial,176,reference__antibacterial__0176,22
RISKKKGKGSWIKNGLIKGIKGLGKEISLDVIRTGIDIAGCKIKGEC,Antibacterial,antibacterial,177,reference__antibacterial__0177,47
QRFSQPTFKLPQGRLTLSRKF,Antibacterial,antibacterial,178,reference__antibacterial__0178,21
FLPIVGKLLSGLF,Antibacterial,antibacterial,179,reference__antibacterial__0179,13
GLLSALRKMIPHILSHIKK,Antibacterial,antibacterial,180,reference__antibacterial__0180,19
GPLSCRRNGGVCIPIRCPGPMRQIGTCFGRPVKCCRSW,Antibacterial,antibacterial,181,reference__antibacterial__0181,38
ATCYCRTGRCATRESLSAVCEISGRLYRLCCR,Antibacterial,antibacterial,182,reference__antibacterial__0182,32
KFLARLVFRKFILL,Antibacterial,antibacterial,183,reference__antibacterial__0183,14
GLWEKIKEKANELVSGIVEGVK,Antibacterial,antibacterial,184,reference__antibacterial__0184,22
KWCIRVCRNGVCYRRCR,Antibacterial,antibacterial,185,reference__antibacterial__0185,17
FLGGLMKAFPALICAVTKKC,Antibacterial,antibacterial,186,reference__antibacterial__0186,20
FFGHLFKLATKIIPSLFQRKKE,Antibacterial,antibacterial,187,reference__antibacterial__0187,22
FAKWAFKWLKK,Antibacterial,antibacterial,188,reference__antibacterial__0188,11
ALWKTLLKNVGKAAGKAALNAVTDMVNQ,Antibacterial,antibacterial,189,reference__antibacterial__0189,28
GCRRLCYKQRCVTYCRGR,Antibacterial,antibacterial,190,reference__antibacterial__0190,18
FFGSVLKLIPKIL,Antibacterial,antibacterial,191,reference__antibacterial__0191,13
FFGWLIRGAIHAGKAIHGLIHRRRH,Antibacterial,antibacterial,192,reference__antibacterial__0192,25
YTHVFRLKKWIQKVIDQF,Antibacterial,antibacterial,193,reference__antibacterial__0193,18
LNLKGIFKKVASLLT,Antibacterial,antibacterial,194,reference__antibacterial__0194,15
DSHAKRHHGYKRKFHEKHHSHRGYR,Antibacterial,antibacterial,195,reference__antibacterial__0195,25
GWLKKIGKKIERVGQHTRDATIQTIAVAQQAANVAATAR,Antibacterial,antibacterial,196,reference__antibacterial__0196,39
GLWNSIKIAGKKLFVNVLDKIRCKVAGGC,Antibacterial,antibacterial,197,reference__antibacterial__0197,29
SSMKLSFRARAYGFRGPGPQL,Antibacterial,antibacterial,198,reference__antibacterial__0198,21
RLGDILQKAREKIEGGLKKLVQKIKDFFGKFAPRTES,Antibacterial,antibacterial,199,reference__antibacterial__0199,37
IFGMIPGLIGGLISAFK,Antibacterial,antibacterial,200,reference__antibacterial__0200,17
GLFKKLWRKIKKWF,Antibacterial,antibacterial,201,reference__antibacterial__0201,14
FIGALLRPALKLLA,Antibacterial,antibacterial,202,reference__antibacterial__0202,14
AGRGKQGGKVRAKAKTRSSRAGLQFPVGRVHRLLRKGNY,Antibacterial,antibacterial,203,reference__antibacterial__0203,39
FLPAIIGMAAKVLPAFLCKITKKC,Antibacterial,antibacterial,204,reference__antibacterial__0204,24
GILTDTLKGAAKNVAGVLLDKLKCKITGGC,Antibacterial,antibacterial,205,reference__antibacterial__0205,30
AKKWWKLLWKLWKKAK,Antibacterial,antibacterial,206,reference__antibacterial__0206,16
FIHHIIGGLFSAGKAIHRLIRRRRR,Antibacterial,antibacterial,207,reference__antibacterial__0207,25
IIIGKHKNKGKKNGKHNGWK,Antibacterial,antibacterial,208,reference__antibacterial__0208,20
GWGSFFKKAAHAGKHAGKAALTHYL,Antibacterial,antibacterial,209,reference__antibacterial__0209,25
GLLSSLSSVAKHVLPHVVPVIAEHL,Antibacterial,antibacterial,210,reference__antibacterial__0210,25
GILSLFTGGIKALGKTLFKMAGKAGAEHLACKATNQC,Antibacterial,antibacterial,211,reference__antibacterial__0211,37
GLMDTVKNAAKNLAGQLLDRLKCKITGC,Antibacterial,antibacterial,212,reference__antibacterial__0212,28
VNFLLHKIYGNIRYS,Antibacterial,antibacterial,213,reference__antibacterial__0213,15
WIRKFLKRVKKFG,Antibacterial,antibacterial,214,reference__antibacterial__0214,13
ATCDLLSGFGVGDSACAAHCIARGNRGGYCNSKKVCVCRN,Antibacterial,antibacterial,215,reference__antibacterial__0215,40
RWKIFKKIEKMGRNIRDGIVKAGPAIEVLGSAKAI,Antibacterial,antibacterial,216,reference__antibacterial__0216,35
GLFSVVTGVLKAVGKNVAKNVGGSLLEQLKCKISGGC,Antibacterial,antibacterial,217,reference__antibacterial__0217,37
FKRLKKLFKKIWNWK,Antibacterial,antibacterial,218,reference__antibacterial__0218,15
FVDLKKIANIINSIF,Antibacterial,antibacterial,219,reference__antibacterial__0219,15
GIFLKVLGVGKKVLCGVSGLC,Antibacterial,antibacterial,220,reference__antibacterial__0220,21
LRWWWIKRI,Antibacterial,antibacterial,221,reference__antibacterial__0221,9
GVFYPWRFRLLCLLRRWLPRPRAWFIR,Antibacterial,antibacterial,222,reference__antibacterial__0222,27
IKKILSKIKKLLK,Antibacterial,antibacterial,223,reference__antibacterial__0223,13
GFCRCICTRGFCRCICTR,Antibacterial,antibacterial,224,reference__antibacterial__0224,18
KVPIGAIKKGGKIIKKGLGVLGAAGTAHEVYNHVRNRQ,Antibacterial,antibacterial,225,reference__antibacterial__0225,38
GLLSLLSLAGKLL,Antibacterial,antibacterial,226,reference__antibacterial__0226,13
IWLLLLKKFWKKW,Antibacterial,antibacterial,227,reference__antibacterial__0227,13
GIFSKFGGKAIKNLFIKGAKNIGKEVGMDVIRTGIDVAGCKIKGEC,Antibacterial,antibacterial,228,reference__antibacterial__0228,46
IIGGR,Antibacterial,antibacterial,229,reference__antibacterial__0229,5
GLVGTLLGHIGKAILG,Antibacterial,antibacterial,230,reference__antibacterial__0230,16
GPDSCNHDRGLCRVGNCNPGEYLAKYCFEPVILCCKPLSPTPTKT,Antibacterial,antibacterial,231,reference__antibacterial__0231,45
KRLFKKLLFSLRKY,Antibacterial,antibacterial,232,reference__antibacterial__0232,14
GLLASLGKVLGGYLAEKLKP,Antibacterial,antibacterial,233,reference__antibacterial__0233,20
GILGNIVGMGKKIVCGLSGLC,Antibacterial,antibacterial,234,reference__antibacterial__0234,21
RLRRIVVIRVRR,Antibacterial,antibacterial,235,reference__antibacterial__0235,12
LNLKGLIKKVASLLN,Antibacterial,antibacterial,236,reference__antibacterial__0236,15
GMWSKIKEAGKAAAKAAAKAAGKAALDVVSGAI,Antibacterial,antibacterial,237,reference__antibacterial__0237,33
KVKKVKKAIKEGIKKGIK,Antibacterial,antibacterial,238,reference__antibacterial__0238,18
HKHGHGHGKHKNKGKKNFFF,Antibacterial,antibacterial,239,reference__antibacterial__0239,20
GWKIGKKLEHHGQNIRDGLISAGPAVFAVGQAATIYAAAK,Antibacterial,antibacterial,240,reference__antibacterial__0240,40
FFPMLAGVAARVVPKVICLITKKC,Antibacterial,antibacterial,241,reference__antibacterial__0241,24
FLSAIVGMLGKLF,Antibacterial,antibacterial,242,reference__antibacterial__0242,13
LVQPRGSRNGPGPWQGGRRKFRRQRPRLSHKGPNPF,Antibacterial,antibacterial,243,reference__antibacterial__0243,36
RRHRLIIRRRMRNSFWSSRACLAW,Antibacterial,antibacterial,244,reference__antibacterial__0244,24
DEDDD,Antibacterial,antibacterial,245,reference__antibacterial__0245,5
RWCVYAYRRVRGVLVRYRRCW,Antibacterial,antibacterial,246,reference__antibacterial__0246,21
INWLKLGKKMMSAL,Antibacterial,antibacterial,247,reference__antibacterial__0247,14
FLPFVGNLLKGLL,Antibacterial,antibacterial,248,reference__antibacterial__0248,13
NPKVAHCASQIGRSTAWGAVSGA,Antibacterial,antibacterial,249,reference__antibacterial__0249,23
FLGSLLGLVGKVVPTLFCKISKKC,Antibacterial,antibacterial,250,reference__antibacterial__0250,24
LPVLFKLASKVFPAVFSSLK,Gram+,gramplus,1,reference__gramplus__0001,20
IITGASSGIGKAIAKHFI,Gram+,gramplus,2,reference__gramplus__0002,18
FLWGLIPGAISAVTSLIKK,Gram+,gramplus,3,reference__gramplus__0003,19
GFGCNGPWREDDGSCHNHCKSIKGYKGGYCAKGGFVCKCY,Gram+,gramplus,4,reference__gramplus__0004,40
KCNTATCVTQRLADFLVRSSNTIGTVYAPTNVGAAAY,Gram+,gramplus,5,reference__gramplus__0005,37
KCKWWNISCDLGNNGHVCTLSHECQVSCN,Gram+,gramplus,6,reference__gramplus__0006,29
GAHDILKYGKPS,Gram+,gramplus,7,reference__gramplus__0007,12
FTSISMCTPGCKTGALMTCNYKTATCHCSIKVSK,Gram+,gramplus,8,reference__gramplus__0008,34
FFGAIAAALPHVISAIKNAL,Gram+,gramplus,9,reference__gramplus__0009,20
KDRPKKPGLCPPRPQKPCVKECKNDDSCPGQQKCCNYGCKDECRDPIFVG,Gram+,gramplus,10,reference__gramplus__0010,50
CLGVGSCNDFAGCGYAVVCFW,Gram+,gramplus,11,reference__gramplus__0011,21
FLGALFKVASKLVPAAICSFSKKC,Gram+,gramplus,12,reference__gramplus__0012,24
FFPFLLGALGSLLPKIF,Gram+,gramplus,13,reference__gramplus__0013,17
VLPLISMALGKLL,Gram+,gramplus,14,reference__gramplus__0014,13
LTKWLGKLGVIL,Gram+,gramplus,15,reference__gramplus__0015,12
SSSLLNTAWRKFG,Gram+,gramplus,16,reference__gramplus__0016,13
DICTNCCAGTKGCNTTSANGAFICEGQSDPKKPKACPLNCDPHIAYA,Gram+,gramplus,17,reference__gramplus__0017,47
ILPIIGKILSTIF,Gram+,gramplus,18,reference__gramplus__0018,13
GKNGVFKTISHECHLNTWAFLATCCS,Gram+,gramplus,19,reference__gramplus__0019,26
GLKSFARVLKKI,Gram+,gramplus,20,reference__gramplus__0020,12
KSWSLCTPGCARTGSFNSYCC,Gram+,gramplus,21,reference__gramplus__0021,21
FLSMIPKIAGGIASLVKNL,Gram+,gramplus,22,reference__gramplus__0022,19
NKGCAICSIGAACLVDGPIPDFEIAGATGLFGLWG,Gram+,gramplus,23,reference__gramplus__0023,35
LTCNIDRSFCLAHCLLRGYKRGFCTVKKICVCRH,Gram+,gramplus,24,reference__gramplus__0024,34
FARIVQRIKDFLR,Gram+,gramplus,25,reference__gramplus__0025,13
WAIVLL,Gram+,gramplus,26,reference__gramplus__0026,6
DILIIVGGKRRR,Gram+,gramplus,27,reference__gramplus__0027,12
WWWLSRIW,Gram+,gramplus,28,reference__gramplus__0028,8
GFGSFLGKALKAALKIGADVLGGAPQQ,Gram+,gramplus,29,reference__gramplus__0029,27
GLVSSIGKVLGGLLADVVKSKGQPA,Gram+,gramplus,30,reference__gramplus__0030,25
ATYYGNGLYCNKEKCWVDWNQAKGEIGKIIVNGWVNHGPWAPR,Gram+,gramplus,31,reference__gramplus__0031,43
FLPFLKSILGKIL,Gram+,gramplus,32,reference__gramplus__0032,13
GFGCPWDEDDMQCHNHCKSIKGYKGGYCAKGGFVCKCY,Gram+,gramplus,33,reference__gramplus__0033,38
VTCFCRRRGCASRERLIGYCRFGNTIYGLCCRR,Gram+,gramplus,34,reference__gramplus__0034,33
FLSAITSLLGKLL,Gram+,gramplus,35,reference__gramplus__0035,13
FLFSLIPSVIAGLVSAIRN,Gram+,gramplus,36,reference__gramplus__0036,19
FLGVVFKLASKVVPAVFGKV,Gram+,gramplus,37,reference__gramplus__0037,20
GFGCNGPWDEMQCHNHCKSIKGYKGGYCAKGGFVCKCY,Gram+,gramplus,38,reference__gramplus__0038,38
FLPILGKLLSGIL,Gram+,gramplus,39,reference__gramplus__0039,13
SLWETIKNAGKGFILNILDKIRCKVAGGCKT,Gram+,gramplus,40,reference__gramplus__0040,31
MNKLNEVELSKI,Gram+,gramplus,41,reference__gramplus__0041,12
FLSQILSTLRILL,Gram+,gramplus,42,reference__gramplus__0042,13
VGALAVVVWLWLWLW,Gram+,gramplus,43,reference__gramplus__0043,15
DTHFPICIFCCGCCRKGTCGMCCRT,Gram+,gramplus,44,reference__gramplus__0044,25
IYNCRRRFCKQR,Gram+,gramplus,45,reference__gramplus__0045,12
GLKLLLKLGLKLL,Gram+,gramplus,46,reference__gramplus__0046,13
LVVLAVAVVVWLR,Gram+,gramplus,47,reference__gramplus__0047,13
SALVGCWTKSYPPKPCFGR,Gram+,gramplus,48,reference__gramplus__0048,19
CTFTLPGGGGVCTLTSECIC,Gram+,gramplus,49,reference__gramplus__0049,20
RTCRCRFGRCFRRESYSGSCNINGRIFSLCCR,Gram+,gramplus,50,reference__gramplus__0050,32
GLFVGLAKVAAHNNPAIAEHFQA,Gram+,gramplus,51,reference__gramplus__0051,23
SCTTCTCCCSCCA,Gram+,gramplus,52,reference__gramplus__0052,13
EIRLPEPFRFPSPTVPKPIDIDPILPHPWSPRQTYPIIARRS,Gram+,gramplus,53,reference__gramplus__0053,42
GFGCPFDQGACHRHCQSIGRRGGYCAGIIKQTCTCYHN,Gram+,gramplus,54,reference__gramplus__0054,38
MCFCRYRFFYRRRIRFFKWGPYFYVWFGFPFGRKAFFLSVFRRRFC,Gram+,gramplus,55,reference__gramplus__0055,46
AGCICSGSVAVANSHNAGPAYCVGYCGNNGAVTRNANANLARTA,Gram+,gramplus,56,reference__gramplus__0056,44
GNGVVTTISHECNMNSWQFLFTCCG,Gram+,gramplus,57,reference__gramplus__0057,25
VSTLSVSSPCPGWPSSFTWSNC,Gram+,gramplus,58,reference__gramplus__0058,22
GLSLLLSLLLGKL,Gram+,gramplus,59,reference__gramplus__0059,13
FLKLGRKSRYGMLKL,Gram+,gramplus,60,reference__gramplus__0060,15
FLPFLATLLSKVL,Gram+,gramplus,61,reference__gramplus__0061,13
GGRVKDLPGVRYHIIRGALDTAGVAKRMQARSLYGAKRPKK,Gram+,gramplus,62,reference__gramplus__0062,41
KISGGIGPLV,Gram+,gramplus,63,reference__gramplus__0063,10
TTWACATVTLTVTVCSPTGTLCGSCSMGTRGCC,Gram+,gramplus,64,reference__gramplus__0064,33
SCNCVCGVCCSC,Gram+,gramplus,65,reference__gramplus__0065,12
VTCDILSVEAKGVKLNDAACAAHCLFRGRSGGYCNGKRVCVCR,Gram+,gramplus,66,reference__gramplus__0066,43
ILGAIIPLVSGLLSHL,Gram+,gramplus,67,reference__gramplus__0067,16
FLKVVFKLASKVFGAVFGKV,Gram+,gramplus,68,reference__gramplus__0068,20
ITSISLCTAGCITGVIMTCMSNGCK,Gram+,gramplus,69,reference__gramplus__0069,25
GLLDLAKHVIGIASKL,Gram+,gramplus,70,reference__gramplus__0070,16
HADELVAGVKQ,Gram+,gramplus,71,reference__gramplus__0071,11
GKEAATKAIKEWGQPKSKITH,Gram+,gramplus,72,reference__gramplus__0072,21
LKMLGMLFHNIRNILKTV,Gram+,gramplus,73,reference__gramplus__0073,18
INGKRKGEQKMKVRPSVKKICEKCKVIKRKGRVCVICENPKHKQKQG,Gram+,gramplus,74,reference__gramplus__0074,47
GLLSSLLLLGKLL,Gram+,gramplus,75,reference__gramplus__0075,13
GFGCPFNQGQCHKHCQSIRRRGGYCDGFLSTSCVCYR,Gram+,gramplus,76,reference__gramplus__0076,37
ENDHRMPYELNRPNNLSKGGAKCGAAIA,Gram+,gramplus,77,reference__gramplus__0077,28
ATCDLLSGTGINHSACAAHCLLRGNRGGYCNGKGVCVCRN,Gram+,gramplus,78,reference__gramplus__0078,40
FLSHIAGFLSNLF,Gram+,gramplus,79,reference__gramplus__0079,13
GLKLLLSLGLKLL,Gram+,gramplus,80,reference__gramplus__0080,13
ILPILSLIGGLLGK,Gram+,gramplus,81,reference__gramplus__0081,14
VGALAVVVWLYLWLW,Gram+,gramplus,82,reference__gramplus__0082,15
GFKSKLEQISGICRPLFAAMWK,Gram+,gramplus,83,reference__gramplus__0083,22
GCSYSTRPYFLRWRLKFKSKVWCG,Gram+,gramplus,84,reference__gramplus__0084,24
CVHWQTNTARTSCIGP,Gram+,gramplus,85,reference__gramplus__0085,16
GFGCNGPWDEDDMQCHNHCKSIKGYKGGYCAKGGFVCKCY,Gram+,gramplus,86,reference__gramplus__0086,40
GLIGSIGKALGGLLVDVLKPKL,Gram+,gramplus,87,reference__gramplus__0087,22
GFGCPFNQGQCHKHCQSIRRRGGYCDGFLKTRCVCYR,Gram+,gramplus,88,reference__gramplus__0088,37
EADEPLWLYKGDNIERAPTTADHPILPSIIDDVKLDPNRRYA,Gram+,gramplus,89,reference__gramplus__0089,42
AALKGCWTKSIPPKPCSGKR,Gram+,gramplus,90,reference__gramplus__0090,20
GFGCPANQGQCHKHCQSIRRRGGYCDGFLKTRCVCYR,Gram+,gramplus,91,reference__gramplus__0091,37
FIIRLLSKIF,Gram+,gramplus,92,reference__gramplus__0092,10
FITGLISGLMKAL,Gram+,gramplus,93,reference__gramplus__0093,13
YSSGYTRPLPKPSRPIFIRPIGCDVCYGIPSSTARLCCFRYGDCCHR,Gram+,gramplus,94,reference__gramplus__0094,47
FIARLLSKIF,Gram+,gramplus,95,reference__gramplus__0095,10
GLLSFLPKVIGVIGHLIHPPS,Gram+,gramplus,96,reference__gramplus__0096,21
ITSKSLCTPGCKTGALMTCPIKTATCGCHFGN,Gram+,gramplus,97,reference__gramplus__0097,32
VTSWSLCTPGCTSPGGGSNCSFCC,Gram+,gramplus,98,reference__gramplus__0098,24
FLPLIGGLLGKL,Gram+,gramplus,99,reference__gramplus__0099,12
RALKKIIKRLCR,Gram+,gramplus,100,reference__gramplus__0100,12
GAALAGLAKILCLWAKEFTGAFKKLNKKFAMKKK,Gram+,gramplus,101,reference__gramplus__0101,34
YSYFTVV,Gram+,gramplus,102,reference__gramplus__0102,7
RLLGNCLTVVMAAKLGTAFSPEIQCAWQK,Gram+,gramplus,103,reference__gramplus__0103,29
LTVSI,Gram+,gramplus,104,reference__gramplus__0104,5
FLGVVVKLASKVFPAVFGKV,Gram+,gramplus,105,reference__gramplus__0105,20
FFSLIPSLVGGLISAFK,Gram+,gramplus,106,reference__gramplus__0106,17
NKGCSACAIGAACLADGPIPDFEVAGITGTFGIAS,Gram+,gramplus,107,reference__gramplus__0107,35
GLEESPGHPGQPGPPGPPGAPGP,Gram+,gramplus,108,reference__gramplus__0108,23
GLFGILGSVAKHVLPHVIPVVAEHL,Gram+,gramplus,109,reference__gramplus__0109,25
DDLYKLVNQGFGAVCSFIDGFNGKKYRGKC,Gram+,gramplus,110,reference__gramplus__0110,30
LFRVVRRVVRFIRRAA,Gram+,gramplus,111,reference__gramplus__0111,16
ATCDLLSGTGIKHSACAAHCLLRGNRGGYCNGRAICVCRN,Gram+,gramplus,112,reference__gramplus__0112,40
DKLISILSLLSKRRKADGFRVKKTQKSSAYKKRF,Gram+,gramplus,113,reference__gramplus__0113,34
FLPLLGGLLKSLL,Gram+,gramplus,114,reference__gramplus__0114,13
SKRIVQRIKDFLR,Gram+,gramplus,115,reference__gramplus__0115,13
CANSCSYGPLTWSCDGNTK,Gram+,gramplus,116,reference__gramplus__0116,19
QQCGRQASGRLCGNRLCCSQWGYCGSTASYCGAGCQSQCR,Gram+,gramplus,117,reference__gramplus__0117,40
DSALRRFKRSCAKAGIQQEIRKREHYEKPSVRRKKKSEAARKRKYN,Gram+,gramplus,118,reference__gramplus__0118,46
KLSLLLSLGLKLL,Gram+,gramplus,119,reference__gramplus__0119,13
GWGCNIFGGNDYRCHRHCKSISGYKGGYCKLGGICKCY,Gram+,gramplus,120,reference__gramplus__0120,38
FLPIVGKLLSGLL,Gram+,gramplus,121,reference__gramplus__0121,13
SKGKKANKDVELARG,Gram+,gramplus,122,reference__gramplus__0122,15
SSGWVCTLTIECGTVICAC,Gram+,gramplus,123,reference__gramplus__0123,19
FLPIVGRLISGIL,Gram+,gramplus,124,reference__gramplus__0124,13
FLSLIPHIASGIASLVKNF,Gram+,gramplus,125,reference__gramplus__0125,19
MGAIAKLVAKFGWPIVKKYYKQIMQFIGEGWAINKIIEWIKKHI,Gram+,gramplus,126,reference__gramplus__0126,44
MLAKIKAMIKKFPNPYTLAAKLTTYEINWYKQQYGRYPWERPVA,Gram+,gramplus,127,reference__gramplus__0127,44
SALVGCWTKSWPPKPCFGRG,Gram+,gramplus,128,reference__gramplus__0128,20
FSGLAGD,Gram+,gramplus,129,reference__gramplus__0129,7
TFFRLFNRSFTQALGKGGGKNLRIIRKGIHIIKKY,Gram+,gramplus,130,reference__gramplus__0130,35
SYWVRASGGGFFFLSRIF,Gram+,gramplus,131,reference__gramplus__0131,18
INLKAIAALVKKVL,Gram+,gramplus,132,reference__gramplus__0132,14
ACYCRIPACLAGERRYGTCFYLGRVWAFCC,Gram+,gramplus,133,reference__gramplus__0133,30
TTHSGKYYGNGVYCTKNKCTVDWAKATTCIAGMSIGGFLGGAIPGKC,Gram+,gramplus,134,reference__gramplus__0134,47
GGYYCPFRQDKCHRHCRSFGRKAGYCGGFLKKTCICV,Gram+,gramplus,135,reference__gramplus__0135,37
FLPILWGLLKSLL,Gram+,gramplus,136,reference__gramplus__0136,13
FLPVLTGLTPSIVPKLVCLLTKKC,Gram+,gramplus,137,reference__gramplus__0137,24
FLGVVFKLVSKVFPAVFGKV,Gram+,gramplus,138,reference__gramplus__0138,20
GFGCPWNRYQCHSHSRSIGRLGGYCAGSLRLTCTSYRS,Gram+,gramplus,139,reference__gramplus__0139,38
ATYYGNGLYCNKQKCWVDWNKASREIGKIIVNGWVQHGPWAPR,Gram+,gramplus,140,reference__gramplus__0140,43
FITGLIGGLMKAL,Gram+,gramplus,141,reference__gramplus__0141,13
LSKISGGIGP,Gram+,gramplus,142,reference__gramplus__0142,10
CVVSSGWKWNYKIRCKLTGNC,Gram+,gramplus,143,reference__gramplus__0143,21
GVGSFIHKVVSAIKNVA,Gram+,gramplus,144,reference__gramplus__0144,17
GLLSLLSLLGKLL,Gram+,gramplus,145,reference__gramplus__0145,13
MATFLRIVAQLSSKAAKWALDNKDKVLKWIRDGMAIDWIIDKINDIVG,Gram+,gramplus,146,reference__gramplus__0146,48
ATCDLLSAFGVGHAACAAHCIGHGYRGGYCNSKAVCTCRR,Gram+,gramplus,147,reference__gramplus__0147,40
GFGCNGPWDEDDMQCHNHCKSIKGYKGGYCAKGGF,Gram+,gramplus,148,reference__gramplus__0148,35
WLLVNK,Gram+,gramplus,149,reference__gramplus__0149,6
GFGCNGPWNEDDVTCHNHCKSIKGYKGGYCAKGGFVCKCY,Gram+,gramplus,150,reference__gramplus__0150,40
GFSSLFKAGAKYLLKQVGKAGAQQLACKAANNC,Gram+,gramplus,151,reference__gramplus__0151,33
VTCFCRRRGCASRERHIGYCRFGNTIYRLCCRR,Gram+,gramplus,152,reference__gramplus__0152,33
FKKKKRNIGTFVFFAIALFCTVMFAYLLLTNQYVPIDYNVPRYA,Gram+,gramplus,153,reference__gramplus__0153,44
FAVWGCADYRGYCRAACFAFEYSLGPKGCTEGYVCCVPNTF,Gram+,gramplus,154,reference__gramplus__0154,41
CRQSCSFGPLTFVCDGNTK,Gram+,gramplus,155,reference__gramplus__0155,19
VVLNLLVKVLKYGK,Gram+,gramplus,156,reference__gramplus__0156,14
RRFFVRRVFFRRRRFF,Gram+,gramplus,157,reference__gramplus__0157,16
PSCVCSGFETSGIHFC,Gram+,gramplus,158,reference__gramplus__0158,16
GFGCPFNQGQCHSHCQSISSSGGYCDGFLKTRCVCYS,Gram+,gramplus,159,reference__gramplus__0159,37
GFGCNGPWREDDRTCHNHCKSIKGYKGGYCAKGGFVCKCY,Gram+,gramplus,160,reference__gramplus__0160,40
GFGCNGPWDEDDMKCHNHCKSIKGYKGGYCAKAGFVCKCY,Gram+,gramplus,161,reference__gramplus__0161,40
GFGCNGPWSEDDLRCHRHCKSIKGYRGGYCAKGGFVCKCY,Gram+,gramplus,162,reference__gramplus__0162,40
APAGLVAKFGRPIVKKYYKQIMQFIGEGSAINKIIPWIARMWRT,Gram+,gramplus,163,reference__gramplus__0163,44
FRRIVQRIKDFLR,Gram+,gramplus,164,reference__gramplus__0164,13
GLVSSIGKALGGLLVDVVKSKGQPA,Gram+,gramplus,165,reference__gramplus__0165,25
KKKYPEYGSLDLRRECRIGNGQCKNQCHENEIRIAYCIRPGTHCCLQQ,Gram+,gramplus,166,reference__gramplus__0166,48
QGKYKWCGTVRKDGRIVAKYRIYQKLKCEL,Gram+,gramplus,167,reference__gramplus__0167,30
DFFRKSKEKIGKEFKRIVQRIKDFLRNLVPRTES,Gram+,gramplus,168,reference__gramplus__0168,34
LRDLVCYCRTRGCKRRERMNGTCRKGHLMYTLCCR,Gram+,gramplus,169,reference__gramplus__0169,35
IKIKKMTKSALQIARAAYQPKLPKALASGAVKAVAGTATES,Gram+,gramplus,170,reference__gramplus__0170,41
ATCDLLSGTGANHSACAAHCLLRGNRGGYCNSKAVCVCRN,Gram+,gramplus,171,reference__gramplus__0171,40
LVPLFLSKLICFITKKC,Gram+,gramplus,172,reference__gramplus__0172,17
FLPLLGGLLSKLL,Gram+,gramplus,173,reference__gramplus__0173,13
GFGCPFNQGACHRHCRSIGRRGGYCAGLFKQTCTCYSR,Gram+,gramplus,174,reference__gramplus__0174,38
KYYGNGVTCGKHSCSVDWGKATTCIINNGAMAWATGGHQGTHKC,Gram+,gramplus,175,reference__gramplus__0175,44
KPAWCWYTLAMCGAGYDSGTCDYMYSHCFGVKHSSGGGGSYHC,Gram+,gramplus,176,reference__gramplus__0176,43
FPFLLSLIPSAISAIKRL,Gram+,gramplus,177,reference__gramplus__0177,18
NFLGTLINLAKKIM,Gram+,gramplus,178,reference__gramplus__0178,14
RRRAKGRIRLIV,Gram+,gramplus,179,reference__gramplus__0179,12
GSGCPSNQGQCHKHCQSIRRRGGYCDGFLKTRCVCYR,Gram+,gramplus,180,reference__gramplus__0180,37
WKSESVCTPGCVTGVLQTCFLQTITCNCHISK,Gram+,gramplus,181,reference__gramplus__0181,32
GLLSLLSALGKLL,Gram+,gramplus,182,reference__gramplus__0182,13
VTSKSLCTPGCITGVLMCLTQNSCVSCNSCIRC,Gram+,gramplus,183,reference__gramplus__0183,33
FLPLIGGLLSKLL,Gram+,gramplus,184,reference__gramplus__0184,13
NFLDTLINLAKKFI,Gram+,gramplus,185,reference__gramplus__0185,14
LARVARRVIRFIRRAW,Gram+,gramplus,186,reference__gramplus__0186,16
GFGCNGPWSEDDIQCHNHCKSIKGYKGGYCAKGGFVCKCY,Gram+,gramplus,187,reference__gramplus__0187,40
GLFVGLAKVAAHVVAAIAEHF,Gram+,gramplus,188,reference__gramplus__0188,21
VTCNIGEWVCVAHCNSKSKKSGYCSRGVCYCTN,Gram+,gramplus,189,reference__gramplus__0189,33
FLPIVGGLLSKLL,Gram+,gramplus,190,reference__gramplus__0190,13
GGGVITTFTHECYYNSVSPASWGGCCK,Gram+,gramplus,191,reference__gramplus__0191,27
TKYYGNGVYCNSKKCWVDWGQASGCIGQTVVGGWLGGAIPGKC,Gram+,gramplus,192,reference__gramplus__0192,43
KPQAVFP,Gram+,gramplus,193,reference__gramplus__0193,7
GNGVLKTISHECNMNTWQFLFTCC,Gram+,gramplus,194,reference__gramplus__0194,24
GFGLGGLARILCLGNRQWSNFFKKLNRKCAMVKK,Gram+,gramplus,195,reference__gramplus__0195,34
GIPCGESCVYIPCFTSVIGCSCSNKVCYKN,Gram+,gramplus,196,reference__gramplus__0196,30
ITSKSLCTPGCKTGALQTCFAKTATCHCSGHVHTK,Gram+,gramplus,197,reference__gramplus__0197,35
FIRLLSKIF,Gram+,gramplus,198,reference__gramplus__0198,9
FLFRVASKVFPALIGKFKKK,Gram+,gramplus,199,reference__gramplus__0199,20
VDWKKIGQHILSVL,Gram+,gramplus,200,reference__gramplus__0200,14
VKAQEPVKGPVSTKPGSCPIILIRCA,Gram+,gramplus,201,reference__gramplus__0201,26
VCGCSTSAFVF,Gram+,gramplus,202,reference__gramplus__0202,11
GLSLLLSLLGKLL,Gram+,gramplus,203,reference__gramplus__0203,13
FFSMIPKIAGGIASLVKNLG,Gram+,gramplus,204,reference__gramplus__0204,20
ACYCRIPACLAGERRYGTCFYRRRVWAFCC,Gram+,gramplus,205,reference__gramplus__0205,30
FFSLIPSLIGGLVSAIK,Gram+,gramplus,206,reference__gramplus__0206,17
MWGRILGTVAKYGPKAVSWAWQHKWELINMG,Gram+,gramplus,207,reference__gramplus__0207,31
ILGKLLSTAAGLLSNL,Gram+,gramplus,208,reference__gramplus__0208,16
MLIRVRKLWRIL,Gram+,gramplus,209,reference__gramplus__0209,12
VLRIGWILWRIS,Gram+,gramplus,210,reference__gramplus__0210,12
GYGCPFNQYQCHSHCSGIRGYKGGYCKGTFKQTCKCY,Gram+,gramplus,211,reference__gramplus__0211,37
GFGCPFNQGACHRHCRSIRRRGGYCAGLFKQTCTCYR,Gram+,gramplus,212,reference__gramplus__0212,37
FLPFIAGVAAKFLPKIFCAISKKC,Gram+,gramplus,213,reference__gramplus__0213,24
ATCDLLSGIGVQHSACALHCVFRGNRGGYCTGKGICVCRN,Gram+,gramplus,214,reference__gramplus__0214,40
AYPGNGVHCGKYSCTVDKQTAIGNIGNNAA,Gram+,gramplus,215,reference__gramplus__0215,30
ATYYGNGVYCNKQECWVDWNKASKEIGKIIVNGWVQHGPWAPR,Gram+,gramplus,216,reference__gramplus__0216,43
DWTAWSALVAAACSVELL,Gram+,gramplus,217,reference__gramplus__0217,18
FLPIVGSLLGKLL,Gram+,gramplus,218,reference__gramplus__0218,13
KLKLLLKLGLKLL,Gram+,gramplus,219,reference__gramplus__0219,13
TITLSTCAILSKPLGNNGYLCTVTKECMPSSCN,Gram+,gramplus,220,reference__gramplus__0220,33
DIQIPGIKKPTHRDIIIPNWNPNVRTQPWQRFGGNKS,Gram+,gramplus,221,reference__gramplus__0221,37
AGCVCSGTVAVANSHNAGPAYCVGYCGNNGEVTRNANYNIARRS,Gram+,gramplus,222,reference__gramplus__0222,44
SASVLKTSIKVSKKYCKGVTLTCGCNITGGK,Gram+,gramplus,223,reference__gramplus__0223,31
RRWIARRAIWRRRRWW,Gram+,gramplus,224,reference__gramplus__0224,16
FLPLLASLFSGLF,Gram+,gramplus,225,reference__gramplus__0225,13
GNGVVLTLTHECNLATWTKKLKCC,Gram+,gramplus,226,reference__gramplus__0226,24
VLSIVACSSGCGSGKTAASCVATCGNKCFTNVGSLC,Gram+,gramplus,227,reference__gramplus__0227,36
ITSISLCTPGCKTGALMGCNMK,Gram+,gramplus,228,reference__gramplus__0228,22
KGGSGVIHTISHEVIYNSWNFVFTCCS,Gram+,gramplus,229,reference__gramplus__0229,27
MKFKFNPTGTIVKKLTQYEIAWFKNKHGYYPWEIPRC,Gram+,gramplus,230,reference__gramplus__0230,37
FLPLLAGLAAKWF,Gram+,gramplus,231,reference__gramplus__0231,13
LLGAALSALSSVIPSVISWFQK,Gram+,gramplus,232,reference__gramplus__0232,22
LTCDLLSFEAKGFAANHSLCAAHCLAIGRKGGACQNGVCVCRR,Gram+,gramplus,233,reference__gramplus__0233,43
FDLLGLVKSVVSAL,Gram+,gramplus,234,reference__gramplus__0234,14
FVGAIAAALPHVISAIKNAL,Gram+,gramplus,235,reference__gramplus__0235,20
LKLSPETKDTLKKVLKGAIKGAIAIASLA,Gram+,gramplus,236,reference__gramplus__0236,29
GSKKPVPIIYCNRRTGKSQRM,Gram+,gramplus,237,reference__gramplus__0237,21
GLFDIIKAIAESF,Gram+,gramplus,238,reference__gramplus__0238,13
KYYGNGVSCNKKGCSVDWGKAIGIIGNNSAANLATGGAAGWKS,Gram+,gramplus,239,reference__gramplus__0239,43
EYHLMNGANGYLTRVNGKTVYRVTKDPVSAVFGVISNCWGSAGAGFGPQH,Gram+,gramplus,240,reference__gramplus__0240,50
ATCDLFSFQSKWVTPNHAACAAHCTARGNRGGRCKKAVCHCRK,Gram+,gramplus,241,reference__gramplus__0241,43
AKRIVQRIKDFLR,Gram+,gramplus,242,reference__gramplus__0242,13
ILGPILGLVSNALGGLL,Gram+,gramplus,243,reference__gramplus__0243,17
GFGCPNNYQCHRHCKSIPGRCGGYCGGWHRLPCTCYRCG,Gram+,gramplus,244,reference__gramplus__0244,39
QCIGNGGRCNENVGPPYCCSGFCLRQPGQGYGYCKNR,Gram+,gramplus,245,reference__gramplus__0245,37
TPALAVVTTVLPAAAVTTAKSV,Gram+,gramplus,246,reference__gramplus__0246,22
GFGCPWDEMQCHNHCIKGYKGGYCAKGGFVCKCY,Gram+,gramplus,247,reference__gramplus__0247,34
GLIGSIGKALGGLLVDVLKPKLQAAS,Gram+,gramplus,248,reference__gramplus__0248,26
HRHQGPIFDTRPSPFNPNQPRPGPIY,Gram+,gramplus,249,reference__gramplus__0249,26
QYRHRCCAWGPGRKYCKRWC,Gram+,gramplus,250,reference__gramplus__0250,20
KKIGQKIKNFFEKL,Gram-,gram,1,reference__gram__0001,14
KKIGQKLKNFFQKL,Gram-,gram,2,reference__gram__0002,14
KKIGQGIKNFFQKL,Gram-,gram,3,reference__gram__0003,14
FLKKAKKFGKAF,Gram-,gram,4,reference__gram__0004,12
KKIGQKIKNFDQKL,Gram-,gram,5,reference__gram__0005,14
KKIGQKIKNEFQKL,Gram-,gram,6,reference__gram__0006,14
GIFGGLLKEGKKIACGLSGLC,Gram-,gram,7,reference__gram__0007,21
GMWSKIKNAGKAAKAAAKAAGKAALGAVSEAM,Gram-,gram,8,reference__gram__0008,32
MKIGQKIKNFFQKL,Gram-,gram,9,reference__gram__0009,14
KKIGQKYKNFFQKL,Gram-,gram,10,reference__gram__0010,14
RARRPRPPKPRPPARPRPRPRPWFPPRFP,Gram-,gram,11,reference__gram__0011,29
APAHRSSTFPKWVTKTERGRQPLRS,Gram-,gram,12,reference__gram__0012,25
KKIGQKEKNFFQKL,Gram-,gram,13,reference__gram__0013,14
KKLLGLLLKLKLKGGGMSPSILKHWSRQ,Gram-,gram,14,reference__gram__0014,28
RWKIFKKIEKMGGNIRDGIVKAGPRSYCNRRTGKCQRM,Gram-,gram,15,reference__gram__0015,38
YQEPVLGPVRGPFPIIV,Gram-,gram,16,reference__gram__0016,17
GWTSRWIESKHKSDFGKFVL,Gram-,gram,17,reference__gram__0017,20
PKIGQKIKNFFQKL,Gram-,gram,18,reference__gram__0018,14
KKRGQKIKNFFQKL,Gram-,gram,19,reference__gram__0019,14
GNNRPVYIPKPRPPYPRK,Gram-,gram,20,reference__gram__0020,18
RRIRFRPPRLPRPRPR,Gram-,gram,21,reference__gram__0021,16
RGGRLCYCPRRFCVCVGR,Gram-,gram,22,reference__gram__0022,18
RGGRLCYCRRPFCVCVGR,Gram-,gram,23,reference__gram__0023,18
KKIGQKIKNQFQKL,Gram-,gram,24,reference__gram__0024,14
KHIGQKIKNFFQKL,Gram-,gram,25,reference__gram__0025,14
RWKIFKKIEKVGQNIRDGIVKAGPAVAVVGQAATI,Gram-,gram,26,reference__gram__0026,35
RRIRPRAPRLPRPRPR,Gram-,gram,27,reference__gram__0027,16
FKRIVQRIKDFLRNLV,Gram-,gram,28,reference__gram__0028,16
GVLDILKNAAKNILAHAAEQI,Gram-,gram,29,reference__gram__0029,21
KKIGPKIKNFFQKL,Gram-,gram,30,reference__gram__0030,14
KKIGQKIKNFFQKE,Gram-,gram,31,reference__gram__0031,14
VIPQFIKRAFVLFFGKKSYFVQKNRTWCRKGKILEVGCR,Gram-,gram,32,reference__gram__0032,39
KKIGQKIYNFFQKL,Gram-,gram,33,reference__gram__0033,14
QEKLDPICMPKCVLKCGKKAWCLTKCIAGCVL,Gram-,gram,34,reference__gram__0034,32
FLGKVFKKASKVFPAVFGKV,Gram-,gram,35,reference__gram__0035,20
GSKKPVPIIYANRRTGKAQRM,Gram-,gram,36,reference__gram__0036,21
VDKPPYLPRPPPPRRIYNNR,Gram-,gram,37,reference__gram__0037,20
FLPAIVGAAGQFLPKIFCAISKKC,Gram-,gram,38,reference__gram__0038,24
DKPKKKPPPPAGPPPPPPPPPGPPPPGP,Gram-,gram,39,reference__gram__0039,28
CMSYGGSCQRSCNGGFRLGGHCGHPKIRCCRRK,Gram-,gram,40,reference__gram__0040,33
LYVFCCRTRAKTPSVIYTINLVVTDLLVGLSLPTR,Gram-,gram,41,reference__gram__0041,35
RRWRPRPPRLPRPRPR,Gram-,gram,42,reference__gram__0042,16
GFISTVKNLATNVAGTVIDTIKCKVTGGC,Gram-,gram,43,reference__gram__0043,29
RSVLKAHCRICRRRG,Gram-,gram,44,reference__gram__0044,15
KKLGQKIKNFFQKL,Gram-,gram,45,reference__gram__0045,14
GIINTLQKYYSRVRGGRSAVLSS,Gram-,gram,46,reference__gram__0046,23
LRPAILVRIK,Gram-,gram,47,reference__gram__0047,10
FFPIVAGVAGQVLKKIYCTISKKC,Gram-,gram,48,reference__gram__0048,24
RRWWPWWRR,Gram-,gram,49,reference__gram__0049,9
RIKDFLRNLV,Gram-,gram,50,reference__gram__0050,10
RRIRSRPPRLPRPRPR,Gram-,gram,51,reference__gram__0051,16
KKDGQKIKNFFQKL,Gram-,gram,52,reference__gram__0052,14
QKRIRVRLSA,Gram-,gram,53,reference__gram__0053,10
RFRPPIRRPPIRPPFYPPFRP,Gram-,gram,54,reference__gram__0054,21
KKIGQKRKNFFQKL,Gram-,gram,55,reference__gram__0055,14
KKIGQKIINFFQKL,Gram-,gram,56,reference__gram__0056,14
GWKKWFTKGERLSQRHFA,Gram-,gram,57,reference__gram__0057,18
HLLSGLLSAAKKAAKKAAKKALKKLLKKLLKKL,Gram-,gram,58,reference__gram__0058,33
KWKLFKKIGIGAVLKVLTTGLPALKLTK,Gram-,gram,59,reference__gram__0059,28
AKIGQKIKNFFQKL,Gram-,gram,60,reference__gram__0060,14
KKIGQRIKNFFQKL,Gram-,gram,61,reference__gram__0061,14
QSKKCCGRCSSRMCTKREKEEHTEDCRGSFCCLTHRKKK,Gram-,gram,62,reference__gram__0062,39
RRIRPRPPRLPRPRPW,Gram-,gram,63,reference__gram__0063,16
GFLGILFHGVHHGRKKALHMNSERRS,Gram-,gram,64,reference__gram__0064,26
RRIRPRPPRLPRPRFR,Gram-,gram,65,reference__gram__0065,16
GLLDAIKDTAQNLFANVLDKIKCKFTKC,Gram-,gram,66,reference__gram__0066,28
RRIRPRPPRLPRPRPF,Gram-,gram,67,reference__gram__0067,16
RRIRPRPPRLPRPAPR,Gram-,gram,68,reference__gram__0068,16
GVSKILHSAGKFGKAFLGEINKS,Gram-,gram,69,reference__gram__0069,23
EEKLDPICVAKCVLKCGKKPWCLTKCVAACVL,Gram-,gram,70,reference__gram__0070,32
KLIGQKIKNFFQKL,Gram-,gram,71,reference__gram__0071,14
VIPFVASVAAEMMHHVYCAASKRCKN,Gram-,gram,72,reference__gram__0072,26
APAAGFFGMR,Gram-,gram,73,reference__gram__0073,10
KSIGQKIKNFFQKL,Gram-,gram,74,reference__gram__0074,14
RKDNFLKKLKEKLRTVITSHIDKVLRPQG,Gram-,gram,75,reference__gram__0075,29
CKIGQKIKNFFQKL,Gram-,gram,76,reference__gram__0076,14
ALSILKGLEKLAKMGIALTNCKATKKC,Gram-,gram,77,reference__gram__0077,27
KKIGQKIRNFFQKL,Gram-,gram,78,reference__gram__0078,14
KKIGQKIKNFFQNL,Gram-,gram,79,reference__gram__0079,14
KKIGQKIKVFFQKL,Gram-,gram,80,reference__gram__0080,14
ACDTATCVTHRLAGLLSRSGGVVKNNFVPTNVGSKAF,Gram-,gram,81,reference__gram__0081,37
SLPKEEQIGKSSTRGRKSSRRKK,Gram-,gram,82,reference__gram__0082,23
YLKCKTVHDCPKSQVVYRCVGNYCRAVKIRRWNLG,Gram-,gram,83,reference__gram__0083,35
KTIGQKIKNFFQKL,Gram-,gram,84,reference__gram__0084,14
KKIGQKIKEFFQKL,Gram-,gram,85,reference__gram__0085,14
KKIGQKIKNFFQKG,Gram-,gram,86,reference__gram__0086,14
MTPLWRIMNSKPFGAYCQNNYECSTGLCRAGHCSTSHRATSETVNY,Gram-,gram,87,reference__gram__0087,46
LLMRKLIKGYGYLFGKGKRKKR,Gram-,gram,88,reference__gram__0088,22
KKIGQKIKGFFQKL,Gram-,gram,89,reference__gram__0089,14
KKIGQKNKNFFQKL,Gram-,gram,90,reference__gram__0090,14
VLGSLLKGLLKKL,Gram-,gram,91,reference__gram__0091,13
KLLKRIKTLL,Gram-,gram,92,reference__gram__0092,10
GLGSFFKNAIKIAGKVGSTIGKVADAIGNKE,Gram-,gram,93,reference__gram__0093,31
KKIGQKISNFFQKL,Gram-,gram,94,reference__gram__0094,14
VLSAADKNNVKGIFTKIAGHAEEYGAETLERMFTTYPPTKTY,Gram-,gram,95,reference__gram__0095,42
HAEHKVKIGVEQKYGQFPQGTEVTYTCSGNYFLM,Gram-,gram,96,reference__gram__0096,34
KKIGQKIKNFFGKL,Gram-,gram,97,reference__gram__0097,14
RRIRPRPPRLFRPRPR,Gram-,gram,98,reference__gram__0098,16
ASVVKKLTKGVAKLLK,Gram-,gram,99,reference__gram__0099,16
NLLSTLLDAAKKAAKGAAKSAAKKLAKKLAKKL,Gram-,gram,100,reference__gram__0100,33
WVILSKKIKRKKKENSDHQTKFSKKVKTKR,Gram-,gram,101,reference__gram__0101,30
RRIRERPPRLPRPRPR,Gram-,gram,102,reference__gram__0102,16
QKKARVRLSA,Gram-,gram,103,reference__gram__0103,10
RRRLRPRRPRLPRPRPRPRPRPR,Gram-,gram,104,reference__gram__0104,23
DCLSGRYKGPCAVWDNETCRRVCKEEGRSSGHCSPSLKCWCEGC,Gram-,gram,105,reference__gram__0105,44
QSHLSMCRYCCNCCKGNKGCGFCCKF,Gram-,gram,106,reference__gram__0106,26
DDTPSSRCGSGGWGPCLPIVDLLCIVHVTVGCSGGFGCCRIG,Gram-,gram,107,reference__gram__0107,42
GSKKPVPIIACNRRTGKCQRM,Gram-,gram,108,reference__gram__0108,21
GLLDSFKNAMIGIAKSAGKTALNKIACKIDKTC,Gram-,gram,109,reference__gram__0109,33
KRIVQRIKDFLR,Gram-,gram,110,reference__gram__0110,12
KKFGQKIKNFFQKL,Gram-,gram,111,reference__gram__0111,14
MRTGNAD,Gram-,gram,112,reference__gram__0112,7
WRIRPRPPRLPRPRPR,Gram-,gram,113,reference__gram__0113,16
KKIGQKIKNFSQKL,Gram-,gram,114,reference__gram__0114,14
RRIRPRPPRLPPPRPR,Gram-,gram,115,reference__gram__0115,16
KKGGQKIKNFFQKL,Gram-,gram,116,reference__gram__0116,14
GLLDTIKNTAKNLAVGLLDKIKCKMTGC,Gram-,gram,117,reference__gram__0117,28
RRLRPRRPRLPRPRPRPLPRPR,Gram-,gram,118,reference__gram__0118,22
RALRPRRPRLPRPRPRPRPRPR,Gram-,gram,119,reference__gram__0119,22
SWFKKVFKPVEKVGQRVRDAGIQGVAIAQQGANVLATARGGPPH,Gram-,gram,120,reference__gram__0120,44
MTPLWRILASKPQGAYCHDHIECSTGLCR,Gram-,gram,121,reference__gram__0121,29
FLGKVFKGASKVFGAVFGKV,Gram-,gram,122,reference__gram__0122,20
GWLKKFGKKIERVGQHTRDATIQAIGVAQQAANVAATLKG,Gram-,gram,123,reference__gram__0123,40
FFPLALLCKVFKKC,Gram-,gram,124,reference__gram__0124,14
CSSGSLWRLIRRFLRR,Gram-,gram,125,reference__gram__0125,16
RRIRPRPPRLPRPRWR,Gram-,gram,126,reference__gram__0126,16
NGNLLGGLLRPVLGVVKGLTGGLGKK,Gram-,gram,127,reference__gram__0127,26
RWKIFKKVVKKV,Gram-,gram,128,reference__gram__0128,12
GSAIRCGESCLLGKCYTPGCTCDRPICKKN,Gram-,gram,129,reference__gram__0129,30
KVLGRLVKVLGRAV,Gram-,gram,130,reference__gram__0130,14
INWLKLGKAIIDAL,Gram-,gram,131,reference__gram__0131,14
GWWKRVFKPVEKLGQRVRDAGIQGLEIAQQGANVLATVRGGPPQQ,Gram-,gram,132,reference__gram__0132,45
AANFGPSVFTPEVHETWQKFLNVVVAALGKQYH,Gram-,gram,133,reference__gram__0133,33
RRIRGRPPRLPRPRPR,Gram-,gram,134,reference__gram__0134,16
GTAWRWHYRARS,Gram-,gram,135,reference__gram__0135,12
KKIGQKIANFFQKL,Gram-,gram,136,reference__gram__0136,14
VDKPPYLPRPRPPR,Gram-,gram,137,reference__gram__0137,14
KKIGQKIKNFFIKL,Gram-,gram,138,reference__gram__0138,14
RKILLMVKA,Gram-,gram,139,reference__gram__0139,9
KKIGQKIKNHFQKL,Gram-,gram,140,reference__gram__0140,14
KKIGQKPKNFFQKL,Gram-,gram,141,reference__gram__0141,14
RRIRPRPPRLARPRPR,Gram-,gram,142,reference__gram__0142,16
RRVKRFKKFFKKL,Gram-,gram,143,reference__gram__0143,13
KKIVQKIKNFFQKL,Gram-,gram,144,reference__gram__0144,14
GIPCGESCVFIPCTVTALLGCSCKDKVCYKN,Gram-,gram,145,reference__gram__0145,31
REIRPRPPRLPRPRPR,Gram-,gram,146,reference__gram__0146,16
SVMRPVYKPQPRPPHPRL,Gram-,gram,147,reference__gram__0147,18
KKIGQKIKNFFTKL,Gram-,gram,148,reference__gram__0148,14
VDKKPYRPRPRPPR,Gram-,gram,149,reference__gram__0149,14
RFGRFLRKIRRFIPK,Gram-,gram,150,reference__gram__0150,15
KWKIFKKIEKAGRNIRDGIIKAGPAVSVVGEAATIYKTG,Gram-,gram,151,reference__gram__0151,39
GLMDTVKNAAKNLAGQLLDTIKCKMTGC,Gram-,gram,152,reference__gram__0152,28
GILSNVLGMGKKIVCGLSGLC,Gram-,gram,153,reference__gram__0153,21
RWKIFKKIEKMGGSRSKKPGPRSYPVPIIYCNRRTGKCQRM,Gram-,gram,154,reference__gram__0154,41
GVSKILHSAGKFGKAFLGEIMKS,Gram-,gram,155,reference__gram__0155,23
FLHHIVGLIHHGLSLFGDRAD,Gram-,gram,156,reference__gram__0156,21
KKIGQTIKNFFQKL,Gram-,gram,157,reference__gram__0157,14
CKRWWKWIRW,Gram-,gram,158,reference__gram__0158,10
GDDDDDD,Gram-,gram,159,reference__gram__0159,7
KKIGQKIKSFFQKL,Gram-,gram,160,reference__gram__0160,14
ALWKDILKNAGKAALNEINQIVQ,Gram-,gram,161,reference__gram__0161,23
DLIWKLLSKAQEKFGKNKSRSFQLFGSPPGQR,Gram-,gram,162,reference__gram__0162,32
KKIGQKIKNFFQKT,Gram-,gram,163,reference__gram__0163,14
ASVVNKLTKKVAKLLK,Gram-,gram,164,reference__gram__0164,16
KKIGQKIKNKFQKL,Gram-,gram,165,reference__gram__0165,14
QKVFTNTWAVRIPGGPAVANSVARKHGFLNLQGIF,Gram-,gram,166,reference__gram__0166,35
GWWKKVFKPVEKLGQRVRDAGIQGIAIAQQGANVLATVRGGPPQ,Gram-,gram,167,reference__gram__0167,44
RRIRPRPPRLPRPRPRPLPFPRPGPRPIPRPLPFP,Gram-,gram,168,reference__gram__0168,35
IPCGESCVWIPCISGMFGCSCKDKVCYS,Gram-,gram,169,reference__gram__0169,28
KKIGQQIKNFFQKL,Gram-,gram,170,reference__gram__0170,14
SFHVFPPWMCKSLKKC,Gram-,gram,171,reference__gram__0171,16
SQVVYRCVGNYCRAVKIRRWNLG,Gram-,gram,172,reference__gram__0172,23
KIGKKIEYWLVKNSWG,Gram-,gram,173,reference__gram__0173,16
MTPFWRGVSLRPVGASCRDNSECITMLCRKNRCFLRTASE,Gram-,gram,174,reference__gram__0174,40
GLFNVFKKVGKNVLKNVAGSLMDNLKCKVSGEC,Gram-,gram,175,reference__gram__0175,33
RRIRPRPPRLPRPRPE,Gram-,gram,176,reference__gram__0176,16
KNNAPVYIPRPRPPHPRL,Gram-,gram,177,reference__gram__0177,18
GWLKKIGKKIERVGQHTRDASIQAIGIAQQAANVAATARG,Gram-,gram,178,reference__gram__0178,40
VDKKPYRPRPRPPRR,Gram-,gram,179,reference__gram__0179,15
KDIGQKIKNFFQKL,Gram-,gram,180,reference__gram__0180,14
GWWKRVFKPVEKFGQRVRDAGVQGIAIAQQGANVLATARGGPPQQ,Gram-,gram,181,reference__gram__0181,45
IKFISRIFKWLKSTFIR,Gram-,gram,182,reference__gram__0182,17
CPGGKRIVKRIKAFLRGPGGKRIVKRIKAFLR,Gram-,gram,183,reference__gram__0183,32
HKIGQKIKNFFQKL,Gram-,gram,184,reference__gram__0184,14
KKIGQKIKNFVQKL,Gram-,gram,185,reference__gram__0185,14
FKIGQKIKNFFQKL,Gram-,gram,186,reference__gram__0186,14
KVLGRAVKVLGRLV,Gram-,gram,187,reference__gram__0187,14
KKIGQKIKNFIQKL,Gram-,gram,188,reference__gram__0188,14
KKIGQKIKNFFQDL,Gram-,gram,189,reference__gram__0189,14
GLLLDTLKGAAKDIAGIALEKLKCKITGCKP,Gram-,gram,190,reference__gram__0190,31
GKPNKPRPAPIKPRPPHPRL,Gram-,gram,191,reference__gram__0191,20
KVAGRLVKVLGRLV,Gram-,gram,192,reference__gram__0192,14
GWEPWAHRTRRRKQWRGSM,Gram-,gram,193,reference__gram__0193,19
IKIGQKIKNFFQKL,Gram-,gram,194,reference__gram__0194,14
IPCGESCVWIPCITAIAGCSCKNKVCYT,Gram-,gram,195,reference__gram__0195,28
RARRPRPPKPRPPRLPRPRPRPWFPPRFP,Gram-,gram,196,reference__gram__0196,29
KKIGQKIKNFFQKI,Gram-,gram,197,reference__gram__0197,14
KIFGKILKKLLKKLLKKLLKKL,Gram-,gram,198,reference__gram__0198,22
KKIGQKIKNFFRKL,Gram-,gram,199,reference__gram__0199,14
GNRRPMYIPRPRPPHPRE,Gram-,gram,200,reference__gram__0200,18
FLPKIAGKAAKKLPKIFCKITKKC,Gram-,gram,201,reference__gram__0201,24
KKYGQKIKNFFQKL,Gram-,gram,202,reference__gram__0202,14
KKIGQKIMNFFQKL,Gram-,gram,203,reference__gram__0203,14
KKIGCKIKNFFQKL,Gram-,gram,204,reference__gram__0204,14
RRIRPAPPRLPRPRPR,Gram-,gram,205,reference__gram__0205,16
GTKRGKLCRISRLAL,Gram-,gram,206,reference__gram__0206,15
KVLGRLVAVLGRLV,Gram-,gram,207,reference__gram__0207,14
GSKPVPIIYCNRKTGKCTRM,Gram-,gram,208,reference__gram__0208,20
KKSGQKIKNFFQKL,Gram-,gram,209,reference__gram__0209,14
KKIGQKIKNFFQML,Gram-,gram,210,reference__gram__0210,14
LNLTKWLGKLGVILSHLNK,Gram-,gram,211,reference__gram__0211,19
RRIRPRPPSLPRPRPR,Gram-,gram,212,reference__gram__0212,16
WWPFLRR,Gram-,gram,213,reference__gram__0213,7
RGIRPRPPRLPRPRPR,Gram-,gram,214,reference__gram__0214,16
GFKLKGMARISCLPNGQWSNFPPKCIRECAMVSS,Gram-,gram,215,reference__gram__0215,34
SLWSSIKDMAAAAGRAALNAVNGIVNP,Gram-,gram,216,reference__gram__0216,27
WRIRPRPPRLPRWRPR,Gram-,gram,217,reference__gram__0217,16
GWLRDFGKRIERVGQHTRDATIQAIGVAQQAANVAATVRG,Gram-,gram,218,reference__gram__0218,40
RPPIRRPPIRPPFYPPFRPPIRP,Gram-,gram,219,reference__gram__0219,23
SSIEKQVALLKALYGHGQISHKRHKTD,Gram-,gram,220,reference__gram__0220,27
KKLFKKILKWL,Gram-,gram,221,reference__gram__0221,11
GLVDVLGKVGGLIKKLLPG,Gram-,gram,222,reference__gram__0222,19
SFPFFPPGICKRLKRC,Gram-,gram,223,reference__gram__0223,16
GLLSGILGAGKHIVCGLSGLC,Gram-,gram,224,reference__gram__0224,21
RGGRLCYCRRAFCVCVGR,Gram-,gram,225,reference__gram__0225,18
KKIGQKIKNFFQKD,Gram-,gram,226,reference__gram__0226,14
TKIGQKIKNFFQKL,Gram-,gram,227,reference__gram__0227,14
RRIRPRPPRLSRPRPR,Gram-,gram,228,reference__gram__0228,16
RRIRPRPPRLPRPRPRPLPFPRP,Gram-,gram,229,reference__gram__0229,23
KKIGNKIKNFFQKL,Gram-,gram,230,reference__gram__0230,14
EPRWKVFKKIEKMGRNIRDGIIKAGPAVAVLGDAKALGK,Gram-,gram,231,reference__gram__0231,39
ANAIIGVIASLSPKARNNTNCCTL,Gram-,gram,232,reference__gram__0232,24
GWLRKIGKKIERVGQHTRDATIQVLGIAQQAANVAATAR,Gram-,gram,233,reference__gram__0233,39
KKIGQMIKNFFQKL,Gram-,gram,234,reference__gram__0234,14
AVLSFVHKLFLNFLHVDTSKGKCRATLQ,Gram-,gram,235,reference__gram__0235,28
MTPFWRGLSLRPIGASCRDASECLTQLCKKNRCCLQTFAD,Gram-,gram,236,reference__gram__0236,40
WWWPFLRR,Gram-,gram,237,reference__gram__0237,8
KKIGQPIKNFFQKL,Gram-,gram,238,reference__gram__0238,14
GIGSAILSAGKSALKGLAKGLAEHFAN,Gram-,gram,239,reference__gram__0239,27
KKMGQKIKNFFQKL,Gram-,gram,240,reference__gram__0240,14
GIMDTVKNAAKDLAGQLDKLKCRITGC,Gram-,gram,241,reference__gram__0241,27
VDKPDYRPRPWPRPNM,Gram-,gram,242,reference__gram__0242,16
DARARRIVRAGRRRGGRRGGRRGGRRSARKS,Gram-,gram,243,reference__gram__0243,31
GFLSTVKNLATNVAGTVIDTLKCKVTGGCRS,Gram-,gram,244,reference__gram__0244,31
KNNRPVYIPRPRPPHPRL,Gram-,gram,245,reference__gram__0245,18
KKIAQKIKNFFQKL,Gram-,gram,246,reference__gram__0246,14
RSITRPVLVRRRWRVRPVF,Gram-,gram,247,reference__gram__0247,19
KKIGQKIKNFFNKL,Gram-,gram,248,reference__gram__0248,14
KAKKFGKAFVKI,Gram-,gram,249,reference__gram__0249,12
RRFPWWWPFLRR,Gram-,gram,250,reference__gram__0250,12
