Sequence,AMP_Score,E.coli_Score,S.aureus_Score,Hemolytic_Score,Score,Evaluate
FLSLLPTAINAVSALAAHF,0.9982,0.9992,0.9990,0.0053,4,Good
GLWSKIKTAGKEAAKAAAKAAGKAALNAVSEAL,0.9988,1.0000,1.0000,0.0000,4,Good
GLWSKIKEVGKAAALAAAKAAGKAALDAVSEAI,0.9988,1.0000,0.9999,0.0000,4,Good
GLWSKIRSAIKEAAKAAAKAAGKAALDAVSEAI,0.9988,1.0000,1.0000,0.0000,4,Good
GLWSKIKTAGKEAAKAAAKAAGKAALNAASEAL,0.9987,1.0000,0.9992,0.0000,4,Good
GLWSTIKNVGKEAAIAAGKAALGALGEQ,0.9988,0.9999,1.0000,0.0495,4,Good
GLWSTIKNVGKEAALAAGKAALGAVLDAISEAV,0.9987,1.0000,0.9999,0.0000,4,Good
ALWLSFLKNVGKAAGKAALNAVTDMVNQ,0.9987,0.9999,1.0000,0.0353,4,Good
GLGSLLSLLGKKL,0.9989,0.5917,0.9990,0.0002,3,Mediocre
VLPIIAKVLSKLF,0.9989,0.5411,0.9997,0.0223,3,Mediocre
QWGYGGYGRGYGGYGGYGRGYGGYGRGMYGGYGRGMYGGYGGWGK,0.9988,0.7685,0.9998,0.0007,3,Mediocre
GLWSKIKTAAAAAGKAALGAVTDAV,0.9988,0.9941,0.9999,0.0011,3,Mediocre
GLWSRIRRKIPRLGLKYGIKLIKKLKQRIQE,0.9988,0.9994,0.0001,0.0001,3,Mediocre
GLWSTIKNKGKEAAIAAGKAALGAL,0.9988,0.9995,0.9972,0.0726,3,Mediocre
WRIRRPAPRLPRPRPRPRPWPRP,0.9987,0.9985,0.9994,0.9967,3,Mediocre
GSVLNCGRTCLLGKCYTPGCTCTRPICKKN,0.9987,1.0000,0.7553,0.0007,3,Mediocre
GWLKKIGKKIERVGQHTRDATIQTIGVAQQAVNVAATAR,0.9988,1.0000,0.0001,0.0163,3,Mediocre
GWLKKIGKKIERVGQHTRDATIQTIGVAQQAANVAATLK,0.9987,1.0000,0.0000,0.0322,3,Mediocre
GWLKKIFKKIEKTGQHTRDATIQTIGVAQQAANVAATLKG,0.9986,0.9998,0.0000,0.3637,3,Mediocre
GWLKKLGKKIERVGQHTRDATIQTIGIAQQAANVAATLK,0.9987,0.9999,0.0000,0.0025,3,Mediocre
GWLKKIGKKIERVGQHTRDATIQTIGVAQQAANVAATLK,0.9987,1.0000,0.0000,0.0322,3,Mediocre
GLLSLLSLLGKLL,0.9987,0.6607,1.0000,0.0001,3,Mediocre
RPKVKVGARVKKAIKEGIKKGLKKIL,0.9989,0.9994,0.8275,0.3677,3,Mediocre
QKGYKGRCWVDDGTCNHTCTREGYTKGYCSNSGCHCY,0.9983,0.0001,0.9997,0.0167,3,Mediocre
GLLSGILGAVGSIAKGLAKGLAEHFAN,0.9988,0.0506,0.9999,0.0004,3,Mediocre
GWLKKIGKKIERVGQHTRDATIQAIGIAQQAANVAATAR,0.9988,0.9992,0.0000,0.0499,3,Mediocre
ALWKSLLKNVGVAAGKAALGAVTDMVNQ,0.9986,0.9565,1.0000,0.0589,3,Mediocre
LLSLLLSLLGKLL,0.9988,0.2813,1.0000,0.0000,3,Mediocre
FLPLIAGLLGKLF,0.9987,0.7294,0.9993,0.0001,3,Mediocre
GLLSGLLGAGKKIVCGLSGMC,0.9989,0.9984,0.3399,0.0003,3,Mediocre
GLLSLLSLGSKLL,0.9987,0.0066,1.0000,0.0110,3,Mediocre
GWLKKVGKKLERVGQHTRDATIQTLGIAQQAANVAATAR,0.9986,1.0000,0.0000,0.0138,3,Mediocre
FLGVIAKLLRKIF,0.9988,0.7304,0.9998,0.0004,3,Mediocre
GWLKKIGKKIERVGQHTRDATIQVLGIAQQAANVAATAR,0.9987,1.0000,0.0000,0.1693,3,Mediocre
GLLLLLSLLGKLL,0.9986,0.4872,0.9999,0.0000,3,Mediocre
KKLGKKIELMGRLVSSRLGIALPLGGGRPIPRLGAMGKR,0.9986,0.9997,0.0172,0.0203,3,Mediocre
GLWSKIKNLGKEAAIAAGKAALGALNEA,0.9988,0.9979,0.9999,0.0250,3,Mediocre
ILGPVLGLVGSALGGLLKKI,0.9989,0.9991,0.8108,0.2438,3,Mediocre
GWLRKAGKKIERVGQHTRDASIQTIGVAQQAANVAATAR,0.9985,0.9997,0.0001,0.3086,3,Mediocre
GLLSLLSLLGKVL,0.9987,0.9093,0.9999,0.0000,3,Mediocre
GLRSKIKTAGQEAAKAALKAAGKAALDAVSEAV,0.9987,0.9924,0.9993,0.0000,3,Mediocre
GLSLLLSLGLKLL,0.9987,0.0001,1.0000,0.0000,3,Mediocre
GLWSKIKNVATAAGKAALNAVTDMVNQ,0.9988,0.9930,0.9997,0.0210,3,Mediocre
GLWKKLLKKVVSAAGKAALNAVTDMVNQ,0.9988,0.7837,1.0000,0.0073,3,Mediocre
GFLKKIGKKIERVGQRTRDATIQVLGIAQQAANVAATAR,0.9988,1.0000,0.0000,0.2999,3,Mediocre
ITSCSLCTPGCVKGALQTCFLQTITCNCKISK,0.9983,0.0001,1.0000,0.0021,3,Mediocre
GLLSLLSLLGKLL,0.9987,0.6607,1.0000,0.0001,3,Mediocre
GIGASILSAGKSALKGLAKGLAEHFAN,0.9987,0.8444,0.9999,0.0173,3,Mediocre
GLWSTIKNVGKEAAKAAGKAALGAL,0.9988,0.9997,0.9882,0.1614,3,Mediocre
RGGRLCYCRRRFCVCVGR,0.9983,1.0000,0.9986,0.0002,3,Mediocre
FLSLIPHAINAVSALAKHL,0.9986,1.0000,0.9460,0.3633,3,Mediocre
ASVVKKLTKGVAKLLK,0.9988,0.9988,0.0632,0.0002,3,Mediocre
LSCSCLGRWGCLPGEAFSGTCSTQGVACCLRRK,0.9983,0.0011,0.9995,0.0488,3,Mediocre
GWLKKIGKKIERVGQHTRDATIQGIGIAQQAANVAATVR,0.9988,0.9997,0.0001,0.2621,3,Mediocre
GIGSALLSAGKSALKGLAKGLAEHFAN,0.9988,0.6024,0.9994,0.0012,3,Mediocre
GLKEKIKEKAKEAAKKGAGAIAKAALGAASEAV,0.9987,0.9987,0.0357,0.0000,3,Mediocre
GFGSLFKGAAKLIGKTVAKEAGKTGLELMACKVTNQC,0.9986,0.9990,0.9609,0.0012,3,Mediocre
GLWSKIKTVGKEAAKAAAKAAGKAVLGSASEAV,0.9988,1.0000,0.9981,0.0000,3,Mediocre
RRLRPRRPRLPRPRPRPWPRPRPRP,0.9987,0.9997,0.9993,0.9994,3,Mediocre
VTSASLCTPGCKTGALQTCFLQTITCNCKIKK,0.9986,0.0306,1.0000,0.0005,3,Mediocre
GFGCPWNEYQCHSHCRSISGRKGGYCTGIIKQTCTCYRN,0.9985,0.0653,0.9991,0.0089,3,Mediocre
GILGAILSAGKSALKGLAKGLAEHFAN,0.9988,0.7349,1.0000,0.0052,3,Mediocre
GFGCNGPWDEDDMQCHNHCIKGYKGGYCAKGGFVCKCY,0.9982,0.0000,0.9994,0.0010,3,Mediocre
GWLKKIGKKIERVGQHTRDATIQTIGVAQQAANVAATLKG,0.9987,1.0000,0.0000,0.4260,3,Mediocre
FIKRIARLLRKIF,0.9989,0.9959,0.9999,0.0001,3,Mediocre
RWLKKIGKKIERVGQNTRDATIQTIGIAQQAANVAATAR,0.9987,1.0000,0.0000,0.0428,3,Mediocre
RGGRLCYTRKRFTVCVGR,0.9983,1.0000,0.9540,0.0671,3,Mediocre
ILGPVLGLVGSALGGLLKKI,0.9989,0.9991,0.8108,0.2438,3,Mediocre
GFGCPWNEYACHNHCRSIRGYKGGYCKGTFKQTCTCY,0.9986,0.0266,0.9998,0.0154,3,Mediocre
GLLSGVLGAGKKIVCGLSGLC,0.9988,0.9991,0.9418,0.0006,3,Mediocre
GWLRKIGKKIERVGQHTRDATIQTIGVAQQAANVAATAR,0.9987,0.9996,0.0002,0.0323,3,Mediocre
GWLSKIGKKLERVGQRVRDATIQGLGIAQQGANVAATIRGGPAIIPGQG,0.9986,1.0000,0.0000,0.0682,3,Mediocre
GFGCNGPWDEDDMQCHNHCIKGYKGGYCAKGGFVCKCY,0.9982,0.0000,0.9994,0.0010,3,Mediocre
GWLRKIGKKIERVGQHTRDATIQTIGVAQQAANVAATAR,0.9987,0.9996,0.0002,0.0323,3,Mediocre
GLWSKIKDAGKAAAKAAGKAALGAVSEAI,0.9988,0.9989,0.4715,0.0003,3,Mediocre
GVFTLIKGATQLIGKTLGKELGKTGMELMACKITKQC,0.9986,0.9999,0.9545,0.0002,3,Mediocre
RGGRLCYCRRRFCACVGR,0.9986,1.0000,0.9980,0.0007,3,Mediocre
RGGRLCYCRRRFCVCVGR,0.9983,1.0000,0.9986,0.0002,3,Mediocre
GIKKFFKKIEKVGQNIRDGIIKAGPAVAVLGEAKALGK,0.9988,0.9998,0.6951,0.1039,3,Mediocre
GMASKALKQAAKAAGKAALNAVTDMVNQ,0.9988,0.7611,0.9999,0.0033,3,Mediocre
GWKKWWRKARKGVKKALGKALG,0.9989,0.9996,0.8407,0.0004,3,Mediocre
RRIRPRPPRWPRPRPR,0.9987,0.9995,0.5177,0.4662,3,Mediocre
RGGRLCYCRRRFCVCVGR,0.9983,1.0000,0.9986,0.0002,3,Mediocre
RGGRLCYCRRRFCVCAGR,0.9986,1.0000,0.9893,0.0009,3,Mediocre
ALWKSLLKNAGKAAGKAALNAVTDMVNQ,0.9988,0.8274,1.0000,0.0129,3,Mediocre
VRRFKWWWFWLR,0.9989,0.9990,0.7036,0.0001,3,Mediocre
WWLKKIGKKIERVGQHTRDATIQTIGVAQQAANVAATAR,0.9987,0.9998,0.0002,0.0296,3,Mediocre
GGSVCGESCVFIPCISAAIGCSCKSKVCYKN,0.9987,0.9991,0.0015,0.0001,3,Mediocre
GILSGLLGAGKKIVCGLSGMK,0.9989,0.9998,0.7859,0.0003,3,Mediocre
GLWSTIKNVGKEAAKAAGKAVLGAL,0.9988,0.9997,0.9871,0.2038,3,Mediocre
GWLKKIGKKIERVGQHTRDATIQGLGIAQQAANVAATAR,0.9988,1.0000,0.0000,0.0777,3,Mediocre
RRIRPRWPRLPRPRPRPLPFPRP,0.9987,0.9999,0.9996,0.9996,3,Mediocre
GLSSLLSLGLKLL,0.9987,0.0012,0.9999,0.0014,3,Mediocre
SLWSKIKEAASKAAKAAAKAAGKAALGAVSEAI,0.9988,0.9999,0.9823,0.0000,3,Mediocre
GIFPKIIKKAIKKGIFKGLKKIIKTAGSEVLKTGLEALRNKAGGNE,0.9988,0.0742,0.9999,0.0189,3,Mediocre
GIPCGESCVWIPCTVTALLGCSCSNKVCYN,0.9987,0.0662,0.2412,0.0000,2,Mediocre
GVLDILKGAAKDIAGHLAEHLINT,0.9987,0.0116,0.0004,0.1060,2,Mediocre
GILSGVLGAGKKIVCGLSGLC,0.9988,0.9918,0.9521,0.0019,2,Mediocre
ASIVKKITKKLLK,0.9989,0.9710,0.1126,0.0146,2,Mediocre
GVVDILKGAGKALLPHVISKI,0.9987,0.1643,0.0454,0.0006,2,Mediocre
GSVIKCGETCFLGKCYTKECSCHNPLCYKN,0.9987,0.9622,0.0001,0.0001,2,Mediocre
GLKKTLKKLLNAAQEKLGKLANAKAK,0.9987,0.2759,0.7801,0.0314,2,Mediocre
RRIRPWRPRLPRPRPR,0.9988,0.9998,0.0110,0.9957,2,Mediocre
GRLRDLLRKMLESAGKRVIQAIKEGIAKAGPAVLTVGQAAIA,0.9986,0.6959,0.5255,0.0001,2,Mediocre
RRFKKIFKKLFKKLS,0.9989,0.8469,0.9846,0.0007,2,Mediocre
GLWSKIKEAGKEAAIAAGKAALGAVSEAV,0.9988,0.9920,0.9771,0.0004,2,Mediocre
LLGKFLHKAKEFGKNFLDIVRCRVENVC,0.9985,0.7618,0.3199,0.0293,2,Mediocre
GFAKRLRRRKKKLIV,0.9987,0.4440,0.0027,0.0514,2,Mediocre
GLCTCVYIRVIVRIFLRRI,0.9984,0.2325,0.9388,0.0001,2,Mediocre
GLMDTVKNAAKNLAGQLLDTIKCKITGC,0.9988,0.0522,0.0151,0.0003,2,Mediocre
GGRLKDFFRKARQKIKKTKANFVSHFLK,0.9988,0.8854,0.0324,0.0053,2,Mediocre
GVVTDILKGAGKVLLGHVAEHLIEKV,0.9988,0.5308,0.0126,0.2695,2,Mediocre
INWLKLGKKVIAIA,0.9985,0.1923,0.3776,0.0158,2,Mediocre
GIFGKILGAGKKVLCGLSGLC,0.9989,0.0036,0.8126,0.0005,2,Mediocre
GLPVCGETCFTGTCNTPGCTCSYPVCTRN,0.9983,0.0458,0.4333,0.0053,2,Mediocre
GILCGESCVYIPCTVTALLGCSCKDKVCYKN,0.9986,0.4889,0.0015,0.0002,2,Mediocre
GSKKPVPIIYCNRRTGKCQRI,0.9986,0.9998,0.9196,0.9993,2,Mediocre
NGLKGFIKKVAGLLK,0.9989,0.5951,0.0087,0.0029,2,Mediocre
GIFPKILGKGIKTGIVNAIKGAGKEAGLETLRTGIDVIGCKIKGEC,0.9987,0.9161,0.0157,0.0000,2,Mediocre
GLPTCGETCFGGTCNTPGCTCDPWPVCTRD,0.9983,0.0000,0.0010,0.0027,2,Mediocre
ILGAVLGLVSKALSGLSKLF,0.9988,0.0442,0.2032,0.2021,2,Mediocre
SSISSKISKGLWKGLKKLLKGLGKAGAN,0.9988,0.8594,0.4804,0.0013,2,Mediocre
GVPCGESCVYIPCFTPGCYCKDRVCYKN,0.9986,0.0105,0.1370,0.0000,2,Mediocre
ASVVKKLTKKVWKALAKAK,0.9989,0.9778,0.2613,0.0637,2,Mediocre
FLPALFKVLSKVF,0.9986,0.0469,0.9916,0.0215,2,Mediocre
GLGSLIKGALKLGANVLPTGLPAELQGALLPA,0.9985,0.0012,0.2909,0.0004,2,Mediocre
INIKAIARLAKKIL,0.9989,0.4082,0.7517,0.0147,2,Mediocre
AKVVKKLTKKVAKLLK,0.9989,0.3586,0.0105,0.0058,2,Mediocre
CVLDKLKGVAKGLAQSLLSTASCKLSNTC,0.9985,0.0026,0.0010,0.0017,2,Mediocre
RRLRPRRPRLPRPRPRPRPRPLPRPR,0.9985,1.0000,0.9982,0.9993,2,Mediocre
LVPFIAGLLGKLL,0.9987,0.2377,0.8108,0.0002,2,Mediocre
AIVPFTIKTYLRTSKRKRL,0.9987,0.6778,0.5685,0.0030,2,Mediocre
GFSSTARISAKKFLKGGLEKLVNWKAKRK,0.9984,0.3481,0.0386,0.0156,2,Mediocre
GLPSKIKTAGKKVLKNVAGQLLDKLKCKITGGC,0.9988,0.1991,0.0013,0.0001,2,Mediocre
WKIIRVRLSA,0.9988,0.6753,0.0103,0.1954,2,Mediocre
GMASKIGAIAKKAL,0.9988,0.0018,0.0064,0.0031,2,Mediocre
GLFDKIKEAGKKFVLNLIDKLRCKVAGGCRT,0.9988,0.0390,0.8642,0.0003,2,Mediocre
GFGCPWDEDDMQCHNHCKSIKGYKGGYCAKGGFVCKCY,0.9985,0.0000,0.9996,0.9989,2,Mediocre
FLPFLAGLLGKIL,0.9988,0.7608,0.0853,0.0004,2,Mediocre
KRAWQWLLAAWAL,0.9986,0.2361,0.9202,0.1241,2,Mediocre
CSGTRESCVWIPCISAALGCSCKSKVCYRN,0.9986,0.0001,0.2727,0.0047,2,Mediocre
GIMDTIKNAAKNLAGQLLDTIKCKITGC,0.9988,0.1113,0.0686,0.0002,2,Mediocre
ITSKSLCTPGCKTGALMTCFLNSATCVCKVHVCK,0.9986,0.2368,0.9858,0.0002,2,Mediocre
FFPKLIGKGIKNFLPKIIKKV,0.9989,0.2187,0.9409,0.0001,2,Mediocre
ITIPPIIKDTLKKFAKGAISAVMGQISQ,0.9987,0.0370,0.1304,0.0001,2,Mediocre
GIFPKIIKKGIKKGIKKLGVKILKKVIKS,0.9989,0.1940,0.6638,0.0002,2,Mediocre
GLTSGVVGVGKKLLCGLSGLC,0.9988,0.9703,0.8494,0.0099,2,Mediocre
GILSGILGAGKKIVCGLSGMK,0.9989,0.9908,0.9370,0.0003,2,Mediocre
ALLKLLLKKLL,0.9989,0.9166,0.3390,0.0125,2,Mediocre
FLSLIPHAINAVSTIAKHF,0.9987,0.9999,0.9966,0.8244,2,Mediocre
GILDTLKNLAKTAAQGVLQTLKCKITASC,0.9988,0.0378,0.2091,0.0007,2,Mediocre
LFGTIPSLVGGLVSAFK,0.9987,0.0058,0.1355,0.0001,2,Mediocre
FWGRLFRKIKK,0.9988,0.8791,0.9239,0.0005,2,Mediocre
KKLGKLIKNLGKVL,0.9989,0.0431,0.7918,0.0014,2,Mediocre
GLVSGILSAGKGILAGVAKEL,0.9988,0.0036,0.5682,0.0008,2,Mediocre
ATCDLLSGFGVGDSACAIHCLARGNRGGYCNSKAVCVCRN,0.9984,0.0000,0.6530,0.1030,2,Mediocre
FLSIVASLAKKLL,0.9987,0.2386,0.9193,0.0002,2,Mediocre
GINSKKKANISLQEKLFSKLKEKLRAQ,0.9984,0.0681,0.1902,0.0735,2,Mediocre
LLGMIPLITSLIGKLISKL,0.9988,0.0218,0.2891,0.0220,2,Mediocre
ATCDLLSGTGVGDSACAAHCLLRGNRGGYCNGRAICVCRN,0.9984,0.0031,0.9955,0.2433,2,Mediocre
FLPILGSLLKGLL,0.9988,0.0246,0.9403,0.0006,2,Mediocre
GFGCNGPWDEDDMQCHNHCKSIKGYKGGYCAKGGFVCKCY,0.9985,0.0000,0.9993,0.9997,2,Mediocre
GFGCNGPWNEDDLRCHRHCKSIKGYKGGYCAKGGFVCKCY,0.9985,0.0000,0.9992,0.9989,2,Mediocre
ITIPPVIKDLLKQFGKGFIAQILQPK,0.9987,0.8387,0.0175,0.0001,2,Mediocre
GFCWRACVYRNGVRICYRRCN,0.9984,1.0000,0.9390,0.9975,2,Mediocre
GLFSKLAGKGIKNLIVKGVKKIGKEVGMDVIRAGIDIAGCKIKGEC,0.9987,0.7235,0.9982,0.0000,2,Mediocre
YRLRPRLPRPRPRPRPRPRPWFPPRLP,0.9988,0.9998,0.0010,0.9991,2,Mediocre
ALWKTMLKKLGTVAGHAAKAALGAAADTISQGGS,0.9986,0.2803,0.0014,0.0005,2,Mediocre
GILSGILGAGKSIVCGLSGLC,0.9988,0.5946,0.2108,0.0010,2,Mediocre
GLKEVFKLGKKLGQAIHEAAKQL,0.9988,0.2053,0.0006,0.0111,2,Mediocre
FFPKVGKVIFKKALKKI,0.9988,0.8699,0.5920,0.3106,2,Mediocre
GWLKKIGKKIERVGQHTRDASIQGLGIAQQAANVAATAR,0.9987,1.0000,0.0000,0.5717,2,Mediocre
MKTFLKKLENSVKKRAKEATKEALKGAQEALGQAKA,0.9987,0.5861,0.0014,0.0091,2,Mediocre
FKIGQKIKNFFQKL,0.9988,0.0367,0.0096,0.4083,2,Mediocre
FFPIVASVAAKVLKKFCTISKKC,0.9988,0.2761,0.9242,0.0020,2,Mediocre
GFLDTVKNAAKNVAVTLIDKLRCKVTGGC,0.9988,0.0024,0.0124,0.0010,2,Mediocre
KKIGQKICNFFQKL,0.9988,0.1130,0.0102,0.4755,2,Mediocre
GFCWYACVYRNGVRACYRRCN,0.9986,0.9999,0.9221,0.9677,2,Mediocre
SSVVKKLTKKVAKLLK,0.9989,0.9950,0.1603,0.0635,2,Mediocre
ATIDGSLLGNGRKADDAECHRRCRSIRGRGGYCHGKARRCICYR,0.9984,0.0023,0.9994,0.9014,2,Mediocre
MLPSAAKAAAKALPKLFGKLFKKK,0.9988,0.2175,0.9732,0.0001,2,Mediocre
GFGCNGPWDEMQCHNHCIKGYKGGYCGGFVCKCY,0.9985,0.0658,0.9601,0.0017,2,Mediocre
LRDLVCYCRSRGCKRRERMNGTCRKGHLLYTLCCR,0.9981,0.0262,0.2848,0.0029,2,Mediocre
KWLNALLHHGLNCAKGGLAV,0.9983,0.4025,0.6958,0.0011,2,Mediocre
AKVVNKLTKKVAKLLK,0.9989,0.3980,0.0380,0.0009,2,Mediocre
KICACRALLCLTRALLVV,0.9986,0.0002,0.3747,0.0117,2,Mediocre
GFGKIFKKALGVVAGIVERV,0.9989,0.0000,0.2219,0.0009,2,Mediocre
GILSGILGAGKKIVCGLSGMC,0.9989,0.5847,0.8865,0.0007,2,Mediocre
ASVVKLLTKGVAGLLK,0.9987,0.7123,0.1787,0.0005,2,Mediocre
ILWKLIKKIKKL,0.9989,0.9879,0.9893,0.3312,2,Mediocre
GLLDSVKGVAKDVAANALKSLLNKASCKLSGDC,0.9987,0.7689,0.0091,0.0008,2,Mediocre
SSEPVCGETCVTGTCNTEGCCCSWPICTRN,0.9985,0.0053,0.0032,0.0011,2,Mediocre
GKVLDWIKDTAKDVAKGVITGLVKS,0.9988,0.0772,0.0090,0.0034,2,Mediocre
CSNVKLRNKIKCKEVEEEQIGEEKIRIQNFLRRVKRPVPR,0.9987,0.0752,0.0282,0.4620,2,Mediocre
GLLSKILRKVLKVAGKVLVGAPATQ,0.9988,0.9850,0.9562,0.0001,2,Mediocre
GVFTLIKAGKLIGKTVAKQAGKEALKTGLEALACKITNQC,0.9987,0.5983,0.7699,0.0000,2,Mediocre
ILPFVAGVAAEMMQHVYCAASKKC,0.9967,1.0000,0.9890,0.0882,2,Mediocre
GFCWKLCVRRNGVRVCHRRCN,0.9983,1.0000,0.9464,0.9559,2,Mediocre
KKIGQKIKNYFQKL,0.9989,0.1385,0.0044,0.2382,2,Mediocre
GIFSSLLGKAGKDVLKTVAGSLMDNLKCKLAGGCPP,0.9987,0.1871,0.0007,0.0017,2,Mediocre
GFLKKIGKKIERVGQHTRDATIQVLGIAQQGANVAATARG,0.9987,1.0000,0.0000,0.5808,2,Mediocre
GFNPPIDAIKQYTKQKPSRKMNTNLLKTHLSWLFFFLQFPQGREY,0.9894,0.0196,1.0000,0.0131,2,Mediocre
LLGDFFRKSRERIGKEFKRIVQRIKDFLRNLVPRTES,0.9987,0.5931,0.6576,0.0001,2,Mediocre
GSVISCGETCFTGKCYTPGCTCDPWPVCTRN,0.9985,0.8187,0.0046,0.0006,2,Mediocre
VSIPQCGESCVFIPCISATVGCSCKSKVCYRN,0.9986,0.7524,0.0003,0.0001,2,Mediocre
GLLSGILGAGKKIVCGLSGLC,0.9988,0.9935,0.9519,0.0003,2,Mediocre
AKVVNKLTKKVAKLLK,0.9989,0.3980,0.0380,0.0009,2,Mediocre
GFCWRACVYRNGVRVCYRRCN,0.9985,1.0000,0.9374,0.9979,2,Mediocre
RKIIQKIKNFFQKL,0.9989,0.2033,0.0621,0.0553,2,Mediocre
ASVVNKLTKGVAGLLK,0.9988,0.2740,0.4279,0.0001,2,Mediocre
GSKKPVPIIACNRRTGKCQRM,0.9985,0.9998,0.7744,0.9993,2,Mediocre
GLLSGILKAGKKLVCGLSGLC,0.9988,0.9804,0.9400,0.0002,2,Mediocre
GVLDIVKGAAKDLLAHALSKLSEKV,0.9987,0.0114,0.0089,0.1933,2,Mediocre
KFIRQKIKNFFQKL,0.9989,0.4980,0.0100,0.0108,2,Mediocre
GIMDTVKNAAKNLAGQLLDTIKCKITGC,0.9988,0.1911,0.0220,0.0002,2,Mediocre
GLFKKLRRKIKKGFKKIFKKL,0.9989,0.6835,0.1648,0.0003,2,Mediocre
GIGSSFKGVGKAAIAIAGKAALNAASQEL,0.9986,0.9662,0.9010,0.0030,2,Mediocre
GLVTSILGAGKKIVCGLSGLC,0.9988,0.9312,0.7437,0.0007,2,Mediocre
GVNTLKKVFGLVKKVL,0.9989,0.4595,0.1473,0.0011,2,Mediocre
GWLSKFGKKLEDVGQRVRDATIQTIGIAQQAANVAATLKG,0.9985,0.9298,0.0000,0.1503,2,Mediocre
GIIGQFIKNFFQKL,0.9988,0.0868,0.0083,0.0007,2,Mediocre
VKVIQKIIKKFGKIL,0.9989,0.8955,0.0333,0.0806,2,Mediocre
KKIGQNIKNFFQKL,0.9989,0.0486,0.0005,0.0855,2,Mediocre
GIFSKILGKKIKKGLIVGGAKTAGLSALTTGMDVIGTKIKGEC,0.9988,0.9341,0.2565,0.0003,2,Mediocre
GNNRPGYRPRPPHPRPRI,0.9985,0.9998,0.0075,0.9981,2,Mediocre
GLVSGLLRAGKKIVCGLSGLC,0.9988,0.8592,0.5989,0.0007,2,Mediocre
GIFSLIKTAAKVVAKGLAKEGAKTVAEHYACKATNQC,0.9987,0.0135,0.9866,0.0456,2,Mediocre
GVLKKLGKKLEGVGKRVFKASEKLLPVVQGVVGIPAS,0.9988,0.9797,0.0213,0.0038,2,Mediocre
GWLKRAFKKIERVGQHTRDATIQVLGIAQQAANVAATLKG,0.9986,1.0000,0.0000,0.6691,2,Mediocre
ALPSLLKKLLKKL,0.9989,0.0308,0.8699,0.0025,2,Mediocre
GLLSGLLGAGKKIACGLSGLC,0.9988,0.9776,0.1056,0.0022,2,Mediocre
GLVDILKGAAKDLLGHLLSKISEKV,0.9988,0.3977,0.0239,0.1196,2,Mediocre
FLGKVFKKASKVFPAVFGKV,0.9988,0.0029,0.0007,0.0029,2,Mediocre
GILDTLKNLAKTAGKGALQGLLNKASCKLSGQC,0.9987,0.7791,0.9947,0.0007,2,Mediocre
ALWKTLLKKLLKKAAKAALKAVLNAVTDMVNQ,0.9989,0.7836,0.6271,0.0004,2,Mediocre
GRLKKIGKKIERIGQNTRDATVKGLEVAQQGANVLATIRGGPAIPPGQ,0.9985,1.0000,0.0000,0.8954,2,Mediocre
KPRPPRLPRPRPRPRPRP,0.9987,0.9989,0.0374,0.9968,2,Mediocre
GKPNKLKNAAKKFGKAGIAIALQLKT,0.9988,0.9729,0.4385,0.0115,2,Mediocre
GLVTGLLGNGLGKAAQGVLKKLANKK,0.9988,0.4627,0.0002,0.0506,2,Mediocre
CGETCIYLPCFTVASGCSCKDTVCYKN,0.9986,0.0008,0.0183,0.0003,2,Mediocre
GVFTKLKEGIKKLLATGLDAIRCKIAGGC,0.9988,0.4212,0.9795,0.0003,2,Mediocre
GSVIGCGETCFLGTCYTAGCTCNNRRVCTKD,0.9986,0.0162,0.0111,0.0019,2,Mediocre
GLLSSIRGAIKDLIVSALDKVRCKVAGGCP,0.9988,0.0359,0.0094,0.0577,2,Mediocre
GGLKKLGKKIERVGQHTRDATIQTIGVAQQAANVAATAKG,0.9987,0.9935,0.0000,0.0289,2,Mediocre
ALFKKLLKKVGKVALKVALGAVKNYLNEALPPQ,0.9987,0.9835,0.9988,0.0059,2,Mediocre
GFFRKVKEKLKNSVKKRAKEGIKKGIKKALKALTGGQS,0.9988,0.6222,0.9932,0.0018,2,Mediocre
GIMDTIKNAAKDLAGQLLDKLKCRITGC,0.9988,0.5315,0.0441,0.0004,2,Mediocre
QSHKCYRCCTYCRRRGCKGERYGGLCLRFRMRLCCR,0.9986,0.7948,0.6137,0.0143,2,Mediocre
GFLWKLLKKVNSAV,0.9988,0.4787,0.8785,0.0001,2,Mediocre
VDKPPRPPRPRPPRRIYNR,0.9986,0.9998,0.1850,0.9574,2,Mediocre
GSVIGCPETCFRGTCYTPGCTCHTRLICTKN,0.9987,0.6309,0.0471,0.0007,2,Mediocre
KKIGQKIKSFFQKL,0.9989,0.0833,0.0367,0.0590,2,Mediocre
GLLKKLGKKIERVGQHTRDATIQTIGVAQQAANVAATARG,0.9986,0.9886,0.0000,0.1157,2,Mediocre
GFLDIFKKIARSI,0.9989,0.0724,0.1930,0.0259,2,Mediocre
GIFPKISGKIIKKF,0.9988,0.0234,0.6175,0.1066,2,Mediocre
GFCWNVCVYRNGVRVCYRRCN,0.9986,1.0000,0.9708,0.9864,2,Mediocre
ALWKTLLKNVAKAAGKAALGAVNEMV,0.9988,0.1535,0.2511,0.0001,2,Mediocre
GIMDSVKNLAKNLAGQLLDKLKCKMTGC,0.9988,0.1644,0.0129,0.0001,2,Mediocre
SFSSLLKGAAKKLLKSLGKEGAQQGAEHFANKATNQC,0.9986,0.4563,0.5252,0.1875,2,Mediocre
GFWKKVFKPVERLGQRVRDAGIQGIAIAQQGANVLATVRGGPPQQ,0.9984,1.0000,0.5011,0.6806,2,Mediocre
GLPEVIYCNINAAQCKAICKYECRLEGYPTGHCSLLNLRCFCTVVCR,0.9986,0.0018,0.9255,0.0001,2,Mediocre
GLLSGILGAGKKIVCGLSGLC,0.9988,0.9935,0.9519,0.0003,2,Mediocre
RRFRPRPPRLPRPRPR,0.9982,0.9983,0.0098,0.9648,2,Mediocre
FYWPKIRPPIRPPRPPYPRWPIRWIYRRR,0.9988,1.0000,0.9605,0.9999,2,Mediocre
AGNAFVKGVAKLLKKLL,0.9989,0.9175,0.1008,0.0334,2,Mediocre
VNWKKFEKRVEKLGRNVRDGLIKAGPAIQVLGSAKQI,0.9984,0.9999,0.0066,0.9528,2,Mediocre
FKIFQKIKNFFQKL,0.9989,0.3341,0.0684,0.1613,2,Mediocre
LLGDFFRKSKEKIGKEFKRIVQRIKDFLRNLVPRTES,0.9988,0.5791,0.7371,0.0000,2,Mediocre
GLMSLLKGVLKTAGKNVAGSLLDQLKCKITGGC,0.9988,0.8849,0.0000,0.0004,2,Mediocre
GFFKKFFKKVFKKV,0.9989,0.8511,0.0567,0.0002,2,Mediocre
SWLSKTAKKLENSAKKRISEGIAIALKGGPR,0.9984,0.9994,0.0266,0.9996,2,Mediocre
FLGKIFKLASKVFPAVFGKV,0.9988,0.9540,0.0379,0.0001,2,Mediocre
IRIIRRIIKIIKK,0.9989,0.5114,0.7184,0.0998,2,Mediocre
AVRVAYRVVRVAV,0.9986,0.6860,0.0261,0.0397,2,Mediocre
GLPVCGETCVGGTCNTPGCSCDPWPICTRN,0.9983,0.0000,0.0184,0.0005,2,Mediocre
KKLFKKILKKL,0.9989,0.9825,0.5840,0.0984,2,Mediocre
GIPCGESCVWIPCITSAIGCSCKSKVCYRN,0.9987,0.0008,0.0675,0.0000,2,Mediocre
GLKDIFKPVEGAASRVRSAISRIRQAIIS,0.9986,0.3618,0.8775,0.1483,2,Mediocre
GMMSTIKQFLGTIAKEAGKTALQTLTSMANCKVSGQC,0.9986,0.1539,0.0042,0.0003,2,Mediocre
SSRPRPRPKRPRPRPRPRPRPLPSPRFPKR,0.9986,0.9991,0.0000,0.9799,2,Mediocre
GFGKFLKSAKKFAKKAGKALIS,0.9988,0.3671,0.4357,0.0005,2,Mediocre
GIMDSFKNLAKNLAGKVLDKLKCKITGG,0.9988,0.0417,0.0703,0.0001,2,Mediocre
GLVSDLLSGAGKLLGGSLTSCAQTKSS,0.9987,0.0128,0.1368,0.0278,2,Mediocre
RRIRPRPPRLPRPRPRPWFPPRFP,0.9987,0.9997,0.0015,0.9992,2,Mediocre
KVIRVRLSA,0.9988,0.9970,0.0027,0.4158,2,Mediocre
GVLDIIKNAGKQILAHALSKLSENV,0.9988,0.0084,0.9112,0.1560,2,Mediocre
GLPVCGETCFGGTCNTPGCTCDPWPVCTRN,0.9983,0.0000,0.0360,0.0031,2,Mediocre
GILDGLKGLGLIGLNELGKAGLEQLMCKLAKTC,0.9988,0.1921,0.0273,0.0005,2,Mediocre
WWLIRRAWGR,0.9987,0.1840,0.8067,0.1683,2,Mediocre
GIFNGILKKVLKAAIGVV,0.9989,0.6457,0.8765,0.0000,2,Mediocre
TTPICVGIICGVTTVLGCGCSVACCSCSGCK,0.9983,0.0063,0.1530,0.3556,2,Mediocre
GYGCNIFNQYDCHRHCKSIKGYKGGYCAKGGFVCKCY,0.9987,0.0014,0.9997,0.9722,2,Mediocre
FLGAIAAALPHVISAIKNAL,0.9987,0.0000,0.0011,0.0005,2,Mediocre
RFRPPIRRPPIRPPFYPPFRPPIRP,0.9987,0.9998,0.0004,0.9879,2,Mediocre
KKIGQKIKTFFQKL,0.9989,0.0936,0.0075,0.3484,2,Mediocre
VHRFPWWPWRRS,0.9987,0.5541,0.1810,0.0133,2,Mediocre
RRFPWWWPFLRR,0.9988,0.9954,0.9441,0.0000,2,Mediocre
FLPVLAGLLKSLL,0.9984,0.0717,0.5309,0.0006,2,Mediocre
ATCDLLSGTGVGDSACAAHCIARGNRGGYCNGRAICVCRN,0.9984,0.0004,0.9768,0.2581,2,Mediocre
LRRVRRWVRFIRRAW,0.9988,0.1944,0.9655,0.0907,2,Mediocre
VLPIIGVVLSSLL,0.9983,0.3040,0.1815,0.0149,2,Mediocre
KTCDELSATLVGNHLAECAAHCLLKGKSGGYCNSDSVCLCRK,0.9982,0.0000,0.0667,0.3467,2,Mediocre
LLGAILSTLGGLLKKL,0.9989,0.0163,0.0531,0.0000,2,Mediocre
GLKRLKKLLKKWI,0.9989,0.1871,0.3389,0.1298,2,Mediocre
VTSNSLCTAGCKTGALMTCTLKTGTCGCHVHG,0.9983,0.0573,0.3448,0.0955,2,Mediocre
FFIIRLLKFLR,0.9989,0.9360,0.9731,0.0247,2,Mediocre
FLPILGSLLKSLL,0.9987,0.0400,0.9597,0.0004,2,Mediocre
WTGDIGVLAKNIKTVIATAKWSLFHKC,0.9983,0.5987,0.9428,0.0055,2,Mediocre
AGCSYSYSPCQSDKNSTWGYCGNYYCTATAECMRNCC,0.9982,0.0004,0.0071,0.0567,2,Mediocre
GSGCPFNQGQCHSHCQSIRRRGGYCDGFLKTRCVCYR,0.9985,0.3766,0.9417,0.4834,2,Mediocre
FLVFFAGMAAKVLGIALCAVTKKC,0.9983,0.0011,0.7758,0.0004,2,Mediocre
FIHAITSILGNLF,0.9987,0.0006,0.2582,0.0000,2,Mediocre
WNDIGKHLAICAVTHLL,0.9983,0.4671,0.2487,0.3451,2,Mediocre
GLISLISGIGSLL,0.9988,0.1878,0.0782,0.0004,2,Mediocre
FLGVVFKLASKVFGKIF,0.9988,0.0004,0.9772,0.0008,2,Mediocre
LLGAIGRALGAALPHVINAIRNRHF,0.9983,0.4074,0.3579,0.0580,2,Mediocre
INLKALWWLAKKIL,0.9988,0.4558,0.6762,0.0005,2,Mediocre
FLPILASLLKTLL,0.9986,0.0384,0.6292,0.0004,2,Mediocre
LLPLIGNLLNSLL,0.9987,0.0032,0.1203,0.0013,2,Mediocre
VKILLQIGILAKL,0.9987,0.0130,0.5510,0.0005,2,Mediocre
GLGVVFKALAGVIPAVISKL,0.9986,0.0000,0.2296,0.0013,2,Mediocre
FLPILGNLLKGLL,0.9986,0.0022,0.9797,0.0015,2,Mediocre
FLPLLAGLLGKLL,0.9986,0.1468,0.9803,0.0004,2,Mediocre
INSKLISGLLSKL,0.9988,0.2470,0.1580,0.0002,2,Mediocre
FLPLIGKLLSGLL,0.9985,0.0559,0.2202,0.0350,2,Mediocre
ATCDLLSGFGVGSAACASHCIARGNRGGYCNRKGVCVCRN,0.9985,0.0009,0.9543,0.1784,2,Mediocre
FLPLIASILNKLL,0.9987,0.0026,0.7542,0.0001,2,Mediocre
GKGVFKAVHEAIKFFKKTFK,0.9988,0.0169,0.0589,0.0089,2,Mediocre
LLPILSSLLKGLL,0.9988,0.0258,0.7267,0.0005,2,Mediocre
ATYYGGYGYNNKYCHDHRCKWKEWIAGQKISGKCSVDHWAKRS,0.9986,0.0256,0.0052,0.0635,2,Mediocre
IKIPAIIKATFAKFCKILKKC,0.9988,0.4408,0.4171,0.0005,2,Mediocre
FLPLLASLLSKLL,0.9985,0.1070,0.9684,0.0032,2,Mediocre
GLLSLFSLLGKKL,0.9988,0.7820,0.9984,0.0001,2,Mediocre
GLLDIFKDAAKDLAGILLDKIKCKITGC,0.9988,0.1364,0.1167,0.0021,2,Mediocre
THVSCSYGNGVYCTVKDVECNKACWVDQNLQNFTAGAIGGMLGGYA,0.9983,0.0000,0.0000,0.0011,2,Mediocre
GILSGILGVGKKVLCGVSGLC,0.9989,0.8384,0.9007,0.0004,2,Mediocre
GVLSGLKGLGKVLGKVLLSKAKCKLSGQC,0.9989,0.9566,0.0631,0.0068,2,Mediocre
RFGRFLRKIRRFRPK,0.9988,0.0650,0.0193,0.0168,2,Mediocre
GVLDILKGAGKLIGKTVAGHVMDKIKCKVTGGCPP,0.9988,0.2623,0.0000,0.0012,2,Mediocre
ITSKSLCTPGCKTGIIMTCPLKTATCGCHFSK,0.9985,0.0020,0.0737,0.0041,2,Mediocre
KVNIVTCATSKIKKKAKCFVFTSACESLCG,0.9981,0.0008,0.4664,0.0093,2,Mediocre
GLLGLLTLILKKL,0.9989,0.5661,0.9876,0.0000,2,Mediocre
FWGKVFKKASKVVGAVFGKV,0.9988,0.0686,0.0806,0.0029,2,Mediocre
FFKRIFKILRK,0.9989,0.9751,0.9081,0.0492,2,Mediocre
GLFKKLFKKF,0.9989,0.3853,0.3775,0.0009,2,Mediocre
GIGTGCGSIAGLK,0.9985,0.0267,0.0122,0.0403,2,Mediocre
SVSPGISAVSSINKKFCKILRFCRL,0.9983,0.5005,0.3758,0.0153,2,Mediocre
KKIGQKIKNFLQKL,0.9989,0.4873,0.0115,0.1507,2,Mediocre
WLIING,0.9987,0.0014,0.1814,0.2372,2,Mediocre
FIGAVLKKVLSAVTSAIKQG,0.9988,0.3910,0.9927,0.0013,2,Mediocre
LLGDFFRKSKEKVGKRFSKIVQRIKDFLRNLVPRTES,0.9987,0.6747,0.7094,0.0001,2,Mediocre
GEIPCGESCVIIPCITSVIGCSCSSKVCYRN,0.9986,0.9470,0.0043,0.0000,2,Mediocre
GKWNKFKKAAKGLISLINQIKNRA,0.9988,0.6985,0.1717,0.0000,2,Mediocre
VGVLSLCTPGCKTGIIMTCPLKTATCGCHITGK,0.9985,0.0327,0.5338,0.0896,2,Mediocre
YGETTVTLTTTTTTPTETTQGSSSIFGCKQKR,0.9982,0.7902,0.0038,0.4893,2,Mediocre
GLLSTLKNLAKNAGQNLLGKASCKLSGQC,0.9988,0.5662,0.5936,0.0162,2,Mediocre
GLLKTIKTLLNEAAKAALNAVTGLVNQ,0.9988,0.3170,0.8265,0.0053,2,Mediocre
GTFPCGESCVFIPCISGAIGCSCKSKVCYRN,0.9986,0.9736,0.0115,0.0001,2,Mediocre
FLPFLIKVASKLLPKIF,0.9988,0.1341,0.0895,0.0017,2,Mediocre
GLPVCGETCFGGTCNTPGCACSWPVCTRN,0.9981,0.0000,0.4114,0.0144,2,Mediocre
GIPCGESCVWIPCTVTALLGCSCKSKVCYNN,0.9986,0.0521,0.0040,0.0001,2,Mediocre
GIRCAESCVYIPCTVTALLGCSCSNKVCYNN,0.9985,0.1993,0.0036,0.0001,2,Mediocre
CGETCFVLTCFIPGCSCSNKVCYLN,0.9987,0.0275,0.4213,0.0010,2,Mediocre
GLGKVLGSIGKALGKFL,0.9989,0.0534,0.1953,0.0020,2,Mediocre
GLVSDLLSTAGKLLGNLLGGLVKLK,0.9988,0.0039,0.2805,0.0003,2,Mediocre
GLGSFMKSVAKGVAKVVADQFGKLLETGKCKLSGGC,0.9988,0.0004,0.7965,0.1955,2,Mediocre
GIFGALLKGAAKLGANVLAEKYAN,0.9987,0.0489,0.7742,0.0004,2,Mediocre
GLVSGILGSLGKLLGSVVGSASE,0.9988,0.0005,0.0391,0.0009,2,Mediocre
CGETCVIGPCFTGNAGCKCRDPVCTRN,0.9984,0.0260,0.0112,0.0019,2,Mediocre
GIPCAESCVYIPCTTTALLGCSCKDKVCYRN,0.9985,0.0985,0.0005,0.0002,2,Mediocre
GIKDWKKPIICRSQPQSCKTDFLRCVSGVKLCSGTVITCLTKPC,0.9985,0.4630,0.8197,0.0732,2,Mediocre
GLLSGILNAAGGLLANVVGGLMKN,0.9988,0.2624,0.3951,0.0026,2,Mediocre
GIMDTLKQFAKTVGKTVLGSLLNKASCKLAKTC,0.9987,0.6728,0.1222,0.3227,2,Mediocre
GFFDVIKGAAKKLIKTVAGIIADNLK,0.9988,0.9520,0.0042,0.0261,2,Mediocre
GIPCAESCVWIPCTVTALAGCSCSNKVCYNN,0.9986,0.0033,0.0190,0.0000,2,Mediocre
GIPCAESCVWIPCTVTALLGCSCSDKVCYNN,0.9986,0.0013,0.0049,0.0000,2,Mediocre
GIKCAESCVWIPCTVTALLGCSCSSNVCYN,0.9985,0.0148,0.0489,0.0001,2,Mediocre
GSIPCGESCVWIPCTVTALLGCSCSNKVCYN,0.9986,0.8002,0.0039,0.0000,2,Mediocre
GLLSLLKGLGKGLLKHVAGSLMDQLKCKISGEC,0.9988,0.9603,0.0000,0.0033,2,Mediocre
LVPIVGSLLKSLL,0.9988,0.3847,0.8156,0.0035,2,Mediocre
FLPIIAGLAAKFLPKIFCAISKKC,0.9988,0.0462,0.9205,0.0005,2,Mediocre
GIGAKILSAAKKVLKGLAKELFNEAVKFGKE,0.9988,0.7944,0.0493,0.0377,2,Mediocre
GLLSLLSLLKKL,0.9988,0.5716,0.9987,0.0010,2,Mediocre
GLLDTIKNMALNAAKSAGVSVLNSLSCKLSKTC,0.9987,0.7341,0.8741,0.0009,2,Mediocre
FLSLIPHAINAVSALAHHL,0.9984,1.0000,0.9936,0.8669,2,Mediocre
GIGKKILSGIKSLF,0.9988,0.9727,0.9778,0.0012,2,Mediocre
QLVYYICTKKSCNTQECWVNNNEPRGECITGSNKKLMKSFVKSVKYIKCG,0.9984,0.0006,0.0000,0.1042,2,Mediocre
GILDTLKNLAKTVGMGILEKLKCKITGCPP,0.9989,0.0398,0.0036,0.0004,2,Mediocre
LLMDTIKNAAKNVAVGLLKTLKCKITGC,0.9988,0.0020,0.1956,0.0004,2,Mediocre
KTYGNGLSCNKEKCWVDWNKASREIGKIIVGGVVSGWASGLAGMGH,0.9985,0.0000,0.3026,0.0010,2,Mediocre
FVPIVASVAAEFFPKIFCAISKKC,0.9987,0.1037,0.1780,0.0005,2,Mediocre
CAETCIWGPCTTSAIGCSCKDKVCYLN,0.9987,0.0225,0.3093,0.0016,2,Mediocre
GLGSLVKGLGKAAGKLLQSVLKTAQEKLANSC,0.9987,0.6180,0.0846,0.0074,2,Mediocre
GIPCGESCVYIPCTVTALLGCKCKDSVCYN,0.9986,0.0054,0.0019,0.0003,2,Mediocre
GIGAKILSAGKTALKGAAKELAGALLEQIACKLSNQC,0.9987,0.0198,0.7967,0.0028,2,Mediocre
GLLSGILGAGKQIVCGLSGMC,0.9988,0.9635,0.1378,0.0009,2,Mediocre
RRFRRRWPKPPRPRPRPRP,0.9987,0.9999,0.1437,0.6780,2,Mediocre
ILGPVLGLVGSALGGLIKKI,0.9988,0.0022,0.6137,0.4111,2,Mediocre
GLWSKIKEAAKTAGKAALNEIDKIGNSV,0.9987,0.6814,0.0134,0.0096,2,Mediocre
GLFSFIKKVASVF,0.9987,0.0172,0.2517,0.0047,2,Mediocre
FFGALIPAAIGGIISAVK,0.9986,0.0049,0.0082,0.0011,2,Mediocre
GIPCAESCVWIPCTVTALLGCSCSSNVCYL,0.9985,0.0002,0.1305,0.0001,2,Mediocre
CGETCFVGTCYTPGCTCSWPVCTRN,0.9986,0.0142,0.9461,0.0077,2,Mediocre
FLGAIASLLGKLL,0.9988,0.0431,0.1587,0.0001,2,Mediocre
INIPAIASIVSKLF,0.9987,0.0565,0.4866,0.1915,2,Mediocre
RGGKKFFRKSKKPVKRAVEHAKEGLGIALGVVGQAIS,0.9988,0.9798,0.2549,0.0001,2,Mediocre
FLPVIASLAANFLPTIICKISRKC,0.9987,0.0004,0.0290,0.0013,2,Mediocre
GIACGESCVYIPCTITALLGCSCKSKVCYKN,0.9986,0.8999,0.0011,0.0001,2,Mediocre
GLLDKIKTTASSANVVVTDVIS,0.9983,0.0071,0.0921,0.0011,2,Mediocre
GLPTCGETCFGGTCNTPGCTCDPWPVCTRN,0.9983,0.0000,0.0118,0.0028,2,Mediocre
NRGKFVRNAVSIIRGGIPIALGS,0.9986,0.0048,0.9063,0.0473,2,Mediocre
ASVVKWLTKGVAKLLK,0.9987,0.9899,0.5311,0.0003,2,Mediocre
GLVTGRLKKVLKAALKAL,0.9989,0.9601,0.9355,0.0001,2,Mediocre
GVPCAESCVWIPCTVTALLGCSCSSKVCYN,0.9985,0.0405,0.0171,0.0002,2,Mediocre
FDVLKLESGIKLGKLAKL,0.9987,0.0001,0.0406,0.0028,2,Mediocre
FLKVIGKLLTKVF,0.9988,0.9893,0.9865,0.0005,2,Mediocre
GFGCNGPWDEMQCHCHCKSIKGYKGGYCAKGGFVCKCY,0.9983,0.0000,0.9995,0.8215,2,Mediocre
ILSLFLSKTLKKLL,0.9986,0.2605,0.7711,0.0001,2,Mediocre
ASVVKKLTGKVAKLLK,0.9988,0.9957,0.2069,0.0006,2,Mediocre
RRIRPRPPRAPRPRER,0.9986,0.2438,0.0053,0.3477,2,Mediocre
GLLGKMLGVGKKVLCGVSGLC,0.9989,0.9940,0.8243,0.0002,2,Mediocre
GLLSSIGSALGGLLADVVKSKGQPA,0.9988,0.0008,0.0000,0.3460,2,Mediocre
ATCDLLSGFGVGDSACAAHCLARGKRGGWCNGRIICICTR,0.9982,0.0000,0.9955,0.0679,2,Mediocre
FLPLVGSALSKLL,0.9982,0.0592,0.1647,0.0083,2,Mediocre
LLSAILSALGKLL,0.9988,0.0074,0.9040,0.0000,2,Mediocre
FLPIIASLLSKLL,0.9987,0.2318,0.5087,0.0008,2,Mediocre
FFPLILGLIFGLL,0.9986,0.0027,0.9484,0.0001,2,Mediocre
GFGCPWNAYQCHSHCSSIRGYKGGYCTGRLKQTCTCYRR,0.9986,0.0111,0.9985,0.4407,2,Mediocre
GFGCNGPWNEDDLKCHNHCKSIKGYKGGYCAKGGFVCKCY,0.9986,0.0000,0.9994,0.9969,2,Mediocre
FLPIVGNLLKSLL,0.9985,0.0322,0.9947,0.0008,2,Mediocre
ATCDLLSGTGIKHSACAAHCLARGNRGGYCNSKAVCTCRN,0.9983,0.0015,0.9536,0.2398,2,Mediocre
FLPIVGSLLKSLL,0.9985,0.2427,0.8599,0.0006,2,Mediocre
WILINGKGGKKVAGGLLKKC,0.9988,0.3903,0.4649,0.0213,2,Mediocre
MWGRIAKILGKGLEHIKKHVE,0.9988,0.0087,0.0074,0.0003,2,Mediocre
LLGMIPGIISAVSALAKHF,0.9986,0.0182,0.9492,0.0007,2,Mediocre
RRLSASLGGRRQGGRKTRSR,0.9985,0.6512,0.5483,0.3003,2,Mediocre
CIYNPLDQYSCTVHCKGEGYKYGYCSASVRCSCNRY,0.9986,0.0777,0.0008,0.3654,2,Mediocre
FIGAIANILPKIICAITRKC,0.9988,0.1582,0.1686,0.0009,2,Mediocre
GLLDFLRSAAKGVAKDLAAHLLETLSCKVSGDC,0.9983,0.5576,0.9505,0.0005,2,Mediocre
GYGCNKLRQKSQRSHRKKGYKGGYCAGRLKCTCICVKK,0.9987,0.4711,0.0133,0.3605,2,Mediocre
GLLGKILGVGKKVLCGVSGLC,0.9989,0.9960,0.7775,0.0002,2,Mediocre
KKLFKKILKKL,0.9989,0.9825,0.5840,0.0984,2,Mediocre
GLKKLLGKLLKKLLK,0.9989,0.1736,0.3181,0.1585,2,Mediocre
GILSGILGMGKKIVCGLSGLC,0.9989,0.5575,0.9936,0.0003,2,Mediocre
GLPAVLGLAAKFLPKLFCAISKKC,0.9988,0.4398,0.9951,0.0000,2,Mediocre
GLTSGILNAAKKFAKGGLEALANK,0.9987,0.0457,0.0110,0.0029,2,Mediocre
NPFKCNKCAKCGNGQGPPYCCGNYCQAKAAFGAKTKCNCRCGCCKGCHC,0.9987,0.6721,0.0897,0.1875,2,Mediocre
GFGCPWDEDDMQCHNHCIKGYKGGYCAKGGFVCKCY,0.9984,0.0044,0.6270,0.0005,2,Mediocre
LLPLLASLLSKLL,0.9986,0.1821,0.9723,0.0041,2,Mediocre
GLLSGLLGALKKIGCGLSGLC,0.9989,0.9373,0.5110,0.0006,2,Mediocre
FIGLLLSALSGLL,0.9987,0.0071,0.9211,0.0007,2,Mediocre
ITSFSLCTPGCKTGIIMTCPLKTATCGCHISK,0.9984,0.0022,0.9247,0.0029,2,Mediocre
LRDLVCYCRKRGCKRRERMNGTCRRGHLMYTLCCR,0.9983,0.0025,0.5432,0.0815,2,Mediocre
GLLKRIKKLL,0.9988,0.3782,0.9818,0.0011,2,Mediocre
KRLRPRPPRLPRPRPRPLPFPRPLPFPRPGPRPIPRPLPQPRP,0.9982,1.0000,0.0001,1.0000,2,Mediocre
CKIFKKIEKPGSKTSFPIVIYCNRRTGKCQRM,0.9982,0.0001,0.0070,0.0340,2,Mediocre
FISLLASLLGKLF,0.9987,0.2487,0.9988,0.0000,2,Mediocre
GFGCNGPWNEDDLRCHRHCKSIKGYRGGYCAKGGFVCKCY,0.9984,0.0000,0.9993,0.9983,2,Mediocre
FLPLIAGLIGKLF,0.9988,0.7408,0.8965,0.0001,2,Mediocre
WLLINK,0.9988,0.0025,0.5619,0.1930,2,Mediocre
GIGSALWKKIESIVK,0.9987,0.0117,0.0095,0.0008,2,Mediocre
GLLLDTFKGAAKDVAGILLNKLKCKITGC,0.9988,0.2836,0.0562,0.0008,2,Mediocre
AKKFGKILKNLSK,0.9988,0.1912,0.0582,0.0022,2,Mediocre
GGFGSLLKGALKAAGKAVLGVVADTISQ,0.9987,0.9823,0.9882,0.0612,2,Mediocre
GFCWRVCARSNGLRVCYRRCN,0.9985,1.0000,0.9756,0.9902,2,Mediocre
KKIGQKIKNLFQKL,0.9989,0.1044,0.0025,0.1016,2,Mediocre
RFRFPWPWRWPWRR,0.9988,0.4602,0.9594,0.0193,2,Mediocre
GFGSFLKKAKKFVLDVITQF,0.9988,0.0027,0.3793,0.0018,2,Mediocre
GNNRPVYIPVPRPPHPRL,0.9985,0.9984,0.0499,0.9993,2,Mediocre
IRRRRRWPRLPRPRWRPR,0.9988,1.0000,0.8103,0.7251,2,Mediocre
VKILAKFLKKLKKLWKIL,0.9989,0.9960,0.9490,0.0007,2,Mediocre
LISKISGSINKLL,0.9987,0.8967,0.2380,0.0048,2,Mediocre
LSKELCTTGDPGTPQGVCSFPK,0.9981,0.0051,0.0014,0.0036,2,Mediocre
GILSGILGAGKKIVCGLSGMC,0.9989,0.5847,0.8865,0.0007,2,Mediocre
GILSGLLGAGKKIVCGLSGLC,0.9989,0.9754,0.7288,0.0012,2,Mediocre
GWLKKFGKKIERVGQHTRDATIQGIGVAQQAANVAATAR,0.9987,0.9979,0.0002,0.0969,2,Mediocre
GIIDTLKKAFQGVHEAAKN,0.9988,0.0013,0.0033,0.0211,2,Mediocre
RRIRPRWPRLPRPRPR,0.9988,0.9992,0.0587,0.9654,2,Mediocre
GSKKPVPIIACNRRTGKCQRM,0.9985,0.9998,0.7744,0.9993,2,Mediocre
KWLNALLHHGLNCAKGVLA,0.9982,0.8089,0.4530,0.0462,2,Mediocre
FLPIILSLLGKLL,0.9986,0.4719,0.9855,0.0000,2,Mediocre
LVPVFLSKLISKLL,0.9987,0.4191,0.4668,0.0003,2,Mediocre
GLLDFLKKIGPIAISIVKHF,0.9988,0.6420,0.2788,0.0010,2,Mediocre
FLGVVFKLASKVFGAVFGKV,0.9987,0.0000,0.9925,0.0024,2,Mediocre
FLSLIPHIVSGVASLAKHF,0.9982,0.0020,0.9886,0.0014,2,Mediocre
FLPILASLLKKLL,0.9988,0.3757,0.9644,0.0003,2,Mediocre
GSCGESAVFIPCFTVECQTNCACKLNCKDLLNCS,0.9986,0.0020,0.0003,0.0028,2,Mediocre
FISAIPSTVKGLIKGLL,0.9988,0.2649,0.0007,0.0001,2,Mediocre
FLPVLISALSSLLSSIL,0.9987,0.0000,0.2357,0.0004,2,Mediocre
IFIRLLKKIF,0.9989,0.4423,0.9653,0.0409,2,Mediocre
TTPSCVTVTESCFLGTCNRK,0.9986,0.0000,0.0219,0.0012,2,Mediocre
LTCDLLSGFGVGDSACAAHCIARGNRGGYCNSKGVCVCRK,0.9984,0.0002,0.6050,0.0938,2,Mediocre
GLLSVLGSVAKHLLPHVVPVIAEKL,0.9986,0.0000,0.9706,0.0396,2,Mediocre
FLPLLASLFGKLL,0.9986,0.2154,0.9841,0.0001,2,Mediocre
FLPLARKALGGLL,0.9983,0.0150,0.0074,0.0697,2,Mediocre
GLWNTIKDTGKKFAVGLLDKIRCKIAGGCPT,0.9987,0.2191,0.0921,0.0002,2,Mediocre
LGPLLGNLLKKLL,0.9988,0.0480,0.9943,0.0069,2,Mediocre
SCSYSYSIRGGKECRYKCSVCGKRANRCYCLCRRAPCAST,0.9986,0.0057,0.0059,0.0333,2,Mediocre
FLPIVASLLKSLL,0.9987,0.0317,0.7799,0.0006,2,Mediocre
GFGCNGPWREDDLRCHRHCKSIKGYRGGYCAKGGFVCKCY,0.9984,0.0000,0.9992,0.9986,2,Mediocre
RRRFARRLIRFLRRAW,0.9988,0.1532,0.9470,0.0957,2,Mediocre
CTTWTLTGTCITGTVQTCCS,0.9982,0.9686,0.9760,0.0000,2,Mediocre
MAGLIRLLSKIF,0.9986,0.2162,0.4870,0.1188,2,Mediocre
PFGSSLKLGLKKL,0.9986,0.0360,0.0065,0.0739,2,Mediocre
FILPTIAGLLSKLF,0.9986,0.3368,0.9949,0.0016,2,Mediocre
RRRRRRATRPRPPPPRPPFYPPIFPIRRPWFPPRFP,0.9985,1.0000,0.2719,0.9946,2,Mediocre
FLGAVIKKASKVFPAVFGKV,0.9988,0.0000,0.0011,0.0006,2,Mediocre
GFGCNGPWMEDDLRCHRHCKSIKGYKGGYCAKGGFVCKCY,0.9984,0.0000,0.9995,0.9991,2,Mediocre
FLPIVGSLLKGLL,0.9987,0.1353,0.6472,0.0009,2,Mediocre
GLLDILKSIGKDVAKGVLQHLLSTASCKLSGQC,0.9988,0.2892,0.9294,0.0006,2,Mediocre
LTCDLLSIEAKGIAANHSLCAAHCLAKGYRGGYCNAKEVCVCRN,0.9985,0.0000,0.9930,0.1314,2,Mediocre
RARRPRPPKPRPPFRPRPRPRPIPRPI,0.9981,0.9988,0.0001,0.9455,2,Mediocre
FLPIIGGLLGLL,0.9988,0.1638,0.9099,0.0023,2,Mediocre
GIGGVLLKALKAVLKVLAK,0.9989,0.9066,0.9796,0.0079,2,Mediocre
KYYGNGVHCTKKGCSVDWGKASRCSVNGAIAGLTGGFAKL,0.9984,0.4865,0.3624,0.1293,2,Mediocre
GLKESIKIEGKKFAVGALEKLK,0.9986,0.1590,0.0280,0.0019,2,Mediocre
RRLARRFLSFLRRAR,0.9987,0.1858,0.8318,0.1360,2,Mediocre
LVPILGLLSKLL,0.9988,0.4266,0.9878,0.0001,2,Mediocre
FLQIVGSLLKSFL,0.9985,0.1669,0.8979,0.0012,2,Mediocre
AKIVQKIKNFFQKL,0.9989,0.2913,0.0797,0.0296,2,Mediocre
GLNTETCVFNRGICTTSPPCSYGKC,0.9987,0.0017,0.2191,0.1171,2,Mediocre
GIFPKIIGHTLKNIVCGLSGLC,0.9988,0.0069,0.8117,0.0004,2,Mediocre
AKVVNKLTKKLAKLLK,0.9989,0.5689,0.1767,0.0004,2,Mediocre
GINTVLKKVIQGIKAILSH,0.9988,0.0062,0.5825,0.2018,2,Mediocre
GFCWYVCVRRNGVRVCYRRCN,0.9985,1.0000,0.9816,0.8423,2,Mediocre
GVVDLVKNAAKDLAGHLLSKILSKVS,0.9988,0.0955,0.1600,0.2247,2,Mediocre
GLKEIFKAGLGSLVKGIAAHVAN,0.9987,0.0111,0.1199,0.0004,2,Mediocre
GFCWYACVYRNGVRVCYRRCN,0.9984,1.0000,0.9349,0.9186,2,Mediocre
KFIGQYIKNFFQKL,0.9988,0.0957,0.0093,0.0003,2,Mediocre
FKLFKKILKKL,0.9989,0.9619,0.5447,0.0188,2,Mediocre
IGVIGKILHHGLALVHGLTKKLGG,0.9986,0.8860,0.1922,0.0006,2,Mediocre
FLPIVGKLLSGLL,0.9985,0.2525,0.9136,0.0283,2,Mediocre
KLWKSLLKKIGKVGRKALEHAQNVLATGQA,0.9988,0.9943,0.0285,0.0236,2,Mediocre
GCGSTVVDLLGQIGKIANAAHDIANQLKNRYG,0.9987,0.3095,0.7735,0.0141,2,Mediocre
GLCGCHCRRRFCVCIGL,0.9983,0.9957,0.2151,0.2248,2,Mediocre
GLLSGILGAGKHIVCGLSGLC,0.9988,0.9656,0.9250,0.0011,2,Mediocre
ISCGESCVWIPCTVTALLGCSCSDKVCYLN,0.9986,0.0005,0.0057,0.0001,2,Mediocre
AKRVKKRAKKVLKKYWNKLKEGIPEILQNY,0.9988,0.2896,0.0039,0.0001,2,Mediocre
CLWLWGLIARGPSSACSNSDCS,0.9981,0.0000,0.9981,0.1116,2,Mediocre
GIPCGESCVWIPCTVTALVGCSCSNKVCYN,0.9986,0.0042,0.0967,0.0001,2,Mediocre
GIFPKIIKKAIKSKIKKLLK,0.9989,0.0375,0.9078,0.0103,2,Mediocre
MTCDLLSFKGVGHSACAAHCLLRGNRGGYCNSKKVCVCRN,0.9986,0.0066,0.8603,0.2977,2,Mediocre
VALRLLAKALAKL,0.9989,0.1432,0.9154,0.0122,2,Mediocre
KLCENLADTFKGPCFTKASCDFHCKNKEHLLSGRCRDDFRCWCTRNC,0.9984,0.9910,0.9999,0.9939,2,Mediocre
FGPALIRAAISAVTSLIK,0.9985,0.0415,0.8896,0.0131,2,Mediocre
GFGCPWDEDMQCHNHCIKGYKGGYCAKGGFVCKCY,0.9984,0.0412,0.0091,0.0017,2,Mediocre
GVSVDIGEKGKALAKVGLEVVKVVAEAVGDLES,0.9984,0.0000,0.0001,0.0215,2,Mediocre
GFGSILGKAFKFGANVLGNKERRQD,0.9988,0.2969,0.7217,0.1648,2,Mediocre
RTCYAKKPPKISPFICST,0.9987,0.8942,0.0002,0.0097,2,Mediocre
GLPVCGETCFGGTCNTPGCTCDPWPVCTRN,0.9983,0.0000,0.0360,0.0031,2,Mediocre
FLGKIAKKLFKKI,0.9989,0.7575,0.6313,0.0005,2,Mediocre
GWASKVGQALGKAAKGALGAALT,0.9988,0.0059,0.5638,0.0015,2,Mediocre
FLPLIAGVAAKFLPKIFCTISKKC,0.9988,0.0016,0.9892,0.0005,2,Mediocre
CGETCVFIPCITSVIGCSCSNKVCYLN,0.9987,0.0984,0.7956,0.0001,2,Mediocre
GFLKILRKFIRHGVQHTRDASEAIGKALGIAVGAVTAAA,0.9988,0.7900,0.1352,0.0005,2,Mediocre
FLSLIPSIVGGLVSAIRK,0.9987,0.0066,0.3932,0.0003,2,Mediocre
FFSLIPSAIGGLVGAIKR,0.9987,0.0033,0.2868,0.0046,2,Mediocre
GLPVCGETCFGGTCNTPGCTCSYPICTRD,0.9984,0.0118,0.0134,0.0083,2,Mediocre
FIGAIARLL,0.9987,0.0234,0.0095,0.1570,2,Mediocre
GLMDTIKQVAKNVAAELLKTLKCKITGCKPS,0.9988,0.0006,0.6268,0.0004,2,Mediocre
GLPVCGETCFGGTCNTPGCTCDPWPVCTRD,0.9983,0.0000,0.0024,0.0026,2,Mediocre
GLPTCGETCFGGTCNTPGCSCSWPVCTRN,0.9983,0.0000,0.2749,0.0046,2,Mediocre
GLPVCGETCVGGTCNTPGCTCSWPVCTRN,0.9984,0.0000,0.9804,0.0274,2,Mediocre
GIPCGESCVWIPCISAAIGCSCSNKVCYRN,0.9987,0.0143,0.9178,0.0000,2,Mediocre
GIPCGESCVWIPCISGVIGCSCSSKVCYRN,0.9986,0.0062,0.2251,0.0000,2,Mediocre
FLPIVGNLLKSLL,0.9985,0.0322,0.9947,0.0008,2,Mediocre
FLPFIAGMTAKLF,0.9981,0.8854,0.7283,0.0015,2,Mediocre
GILDTLKNLFISAAKSAGQSVLNTLSCKISKTC,0.9987,0.3344,0.0974,0.0181,2,Mediocre
GFLDKIKTFATNVAVTLLDKLKCKITGGC,0.9988,0.0834,0.4028,0.0001,2,Mediocre
FIGAIAAALPHLISNKQKK,0.9984,0.0012,0.0359,0.0007,2,Mediocre
GIPCGESCVWIPCTVTALLGCSCSSKVCYN,0.9987,0.1251,0.0585,0.0001,2,Mediocre
GIPCAESCVWIPCTVTALVGCSCSNKVCYKN,0.9987,0.0583,0.0133,0.0000,2,Mediocre
GLPVCGETCFGGTCNTPGCTCSPWPVCTRD,0.9984,0.0000,0.0149,0.0028,2,Mediocre
GIPCAESCVWIPCTITALLGCSCSNKVCYN,0.9986,0.0096,0.2629,0.0000,2,Mediocre
GFPCGESCVYIPCTVTALLGCSCSNKVCYSN,0.9985,0.0795,0.0362,0.0003,2,Mediocre
ILGPVLGLVGKALGGLIKNI,0.9988,0.0007,0.8465,0.3505,2,Mediocre
CGETCIFIPCITAVIGCSCSNKVCYKN,0.9987,0.0666,0.2020,0.0001,2,Mediocre
GIKDKVKGAAKKLIKTVASSIAN,0.9988,0.9906,0.0061,0.0099,2,Mediocre
GSVIPCGESCVFIPCISAAIGCSCKSKVCYRN,0.9987,0.9781,0.0023,0.0001,2,Mediocre
GIPCGESCVFIPCLTSAIGCSCSSKVCYRN,0.9987,0.3658,0.0045,0.0000,2,Mediocre
GIPCAESCVWIPCTVTALLGCSCSSKVCYKN,0.9987,0.8121,0.0056,0.0001,2,Mediocre
GSIPCAESCFFIPCISAAIGCSCSNKVCYNN,0.9986,0.0971,0.0111,0.0017,2,Mediocre
GGMVSGILGAIGSALGSVVKTLKEAV,0.9988,0.0031,0.0577,0.0003,2,Mediocre
GIPCGESCVWIPCLTSAIGCSCSNKVCYRN,0.9987,0.0018,0.1047,0.0000,2,Mediocre
ILGPVIPLIGKLLGGLL,0.9989,0.2084,0.0999,0.0950,2,Mediocre
FLPLIAGALGKLF,0.9984,0.4384,0.9631,0.0002,2,Mediocre
GASYGNGVYCNKEKCWVDWNSSASACISIGKIIVQGWASGWAGWMHH,0.9983,0.0000,0.3389,0.3547,2,Mediocre
GLWSKIKNVASAAAKAALKAALGAVSEAL,0.9987,0.9891,0.4144,0.0005,2,Mediocre
EWGPCGETCFRIPCLTSAIGCSCSNNVCYN,0.9985,0.0145,0.2422,0.0002,2,Mediocre
ACESIPLPCTVEEDGNGYKTFVTTCTHHSSKTGGK,0.9981,0.0072,0.0007,0.1103,2,Mediocre
KGYGHGKHRVKGKGG,0.9988,0.8085,0.0010,0.3179,2,Mediocre
GIPCAESCVWIPCTVTALLGCSCKNKVCYRN,0.9987,0.4121,0.0162,0.0000,2,Mediocre
FLPFLKKLLTGLLGKLL,0.9988,0.8642,0.5422,0.0004,2,Mediocre
GLTSGILNHLGKLL,0.9988,0.9246,0.4143,0.0001,2,Mediocre
GFGCPWDEDDMQCHNHCIKGYKGGYCAKGGFVCKCY,0.9984,0.0044,0.6270,0.0005,2,Mediocre
FLPIVGSILKSIL,0.9988,0.0164,0.4652,0.0021,2,Mediocre
GLLSLLSKLLGGL,0.9988,0.5882,0.9799,0.0003,2,Mediocre
FLPIVGSLLKSLL,0.9985,0.2427,0.8599,0.0006,2,Mediocre
MWGAIAAFIGKLLGKKQAKEDQNQPKRTY,0.9987,0.1099,0.0005,0.2720,2,Mediocre
LTLDLLSISKSWTKVSDGYAACAAHCLLRGNRGGWCEKGVCVCRN,0.9982,0.0000,0.0056,0.0028,2,Mediocre
LLGVIFKASKKVFGAVTGS,0.9988,0.0000,0.0364,0.0580,2,Mediocre
LARIVRRRAW,0.9987,0.0872,0.8097,0.0702,2,Mediocre
GIGALLKKALKGLAKVFQEHFAN,0.9988,0.9969,0.0635,0.0001,2,Mediocre
GLWSKIKSVAKAAGKAALGAVNEAL,0.9988,0.4301,0.2712,0.0010,2,Mediocre
IFGIVGKLLSGLSSL,0.9988,0.9655,0.8048,0.0004,2,Mediocre
GIPCGESCVWIPCTVTALLGCSCSNKVCYN,0.9987,0.0662,0.2412,0.0000,2,Mediocre
RSKPVKSIARKILGGYCHTLKC,0.9986,0.9802,0.7020,0.2105,2,Mediocre
GFGCPNDEASCHNHCKSIKGYKGGYCAKAGFVCKCY,0.9986,0.7885,0.9523,0.1457,2,Mediocre
GFGCPNDYSCSDHCKSIGCKGGYCAKAQLLCTCYGCKCISK,0.9985,0.0654,0.0298,0.0032,2,Mediocre
FLPIIASVAAKVFPKIFCAISKKC,0.9988,0.0065,0.2679,0.0003,2,Mediocre
GVPVCGETCFGGTCNTPGCSCSWPVCTRN,0.9983,0.0000,0.1982,0.0048,2,Mediocre
ALWKTLLANFGQHVLDTAKGLVADVISQGAS,0.9984,0.0003,0.0406,0.0005,2,Mediocre
GFGCNGPWIEDDLRCHRHCKSIKGYKGGYCAKGGFVCKCY,0.9985,0.0000,0.9997,0.9963,2,Mediocre
FLPFLINAASLLPSLISSFSKKT,0.9986,0.0000,0.9938,0.0001,2,Mediocre
LLGNIGPTLR,0.9986,0.0000,0.0001,0.1529,2,Mediocre
LVPLIAGKF,0.9984,0.0030,0.0757,0.0472,2,Mediocre
SLLSTLKNLGKGLGQNVLKTITCKLSNDC,0.9987,0.2048,0.7500,0.0119,2,Mediocre
GGPVCGETCFGGTCNTPGCTCDPWPVCTRN,0.9982,0.0000,0.0086,0.0029,2,Mediocre
GIPCAESCVWIPCTVSALIGCSCSSKVCYKN,0.9986,0.0905,0.0130,0.0005,2,Mediocre
GLPVCGETCFGGTCNTPGCSCSWPVCTRN,0.9983,0.0000,0.3650,0.0070,2,Mediocre
RRLARFLRLLRRIRQK,0.9988,0.6798,0.9028,0.1170,2,Mediocre
IISLLLSALSKVL,0.9988,0.0079,0.7674,0.0002,2,Mediocre
FIGALIPAIAGLISGLSKL,0.9987,0.0144,0.0279,0.0003,2,Mediocre
FLGVIFKLASKVFPAVFGKV,0.9986,0.0001,0.4332,0.0002,2,Mediocre
GMIPCAESCVWIPCTVTALLGCSCKNKVCYN,0.9987,0.0575,0.0004,0.0001,2,Mediocre
FLGVLLKAVSKVF,0.9986,0.0439,0.9908,0.0164,2,Mediocre
RIPCGESCVWIPCTVTALLGCSCSNKVCYN,0.9987,0.0297,0.2062,0.0000,2,Mediocre
GTLPCGESCVWIPCTVTALLGCSCKSKVCYNN,0.9985,0.0213,0.0002,0.0003,2,Mediocre
GGTIDCGESCVLGTCYTGGCSCSNPVCTRN,0.9983,0.0136,0.0029,0.0001,2,Mediocre
FRPAIASALSKLL,0.9982,0.0426,0.0447,0.0057,2,Mediocre
GLWSKIKEVAKAAGKAALGALGEA,0.9988,0.4689,0.0529,0.0024,2,Mediocre
FLGTIWKGIVSAFS,0.9987,0.0273,0.2395,0.0001,2,Mediocre
GSIPCGESCVYIPCTVTALLGCSCSNKVCYRN,0.9986,0.9903,0.0021,0.0001,2,Mediocre
GLPVCGETCVGGTCNTPGCACDPWPVCTRN,0.9982,0.0000,0.1468,0.0025,2,Mediocre
GLPVCGETCFGGTCNTPGCTCDTWPVCSRN,0.9984,0.0001,0.3872,0.0012,2,Mediocre
GLPVCGETCFGGTCNTPGCSCDPWPVCTRN,0.9983,0.0000,0.0053,0.0006,2,Mediocre
GLGVVFKLASKVFSAVFGKV,0.9987,0.0000,0.8625,0.0006,2,Mediocre
EPCGESCSVFPCISAAVGCSCKDKVCYKN,0.9986,0.0002,0.0010,0.0002,2,Mediocre
GLWSKIKEVAKAAGKAALGAVNEAL,0.9989,0.1278,0.0546,0.0015,2,Mediocre
ATTGQSCVWIPCLTNAIGCSCSNKVCYKN,0.9986,0.0350,0.0157,0.0001,2,Mediocre
CVWINAINTAAGGLTGNDS,0.9983,0.0297,0.6989,0.0012,2,Mediocre
LLGVVLKLLSKLL,0.9987,0.0288,0.8056,0.0026,2,Mediocre
SDLVCPNTLACIGKEQGYNCCTLTCGCN,0.9983,0.0027,0.8789,0.1643,2,Mediocre
SLWQTIKDKLSDAATGLISTIQS,0.9987,0.0003,0.0055,0.0226,2,Mediocre
GIPCGESCVYIPCTITAILGCSCSNKVCYYN,0.9986,0.0982,0.3047,0.0000,2,Mediocre
GILDSIKDTAKTLAASLLDKIKCKISGCPP,0.9988,0.4883,0.1201,0.0001,2,Mediocre
GLMSSIKGVAKNVAATLLDKLKCKITGC,0.9988,0.0193,0.9907,0.0002,2,Mediocre
FLPVILGLIGKLL,0.9988,0.2275,0.4037,0.0000,2,Mediocre
FLPIVGNLLKSLL,0.9985,0.0322,0.9947,0.0008,2,Mediocre
FLPLIGNLLSKLL,0.9985,0.0137,0.3878,0.0026,2,Mediocre
LARVAVRVWRFIRRAV,0.9988,0.5315,0.3850,0.0017,2,Mediocre
GLGLLGSALSSLL,0.9988,0.0107,0.9126,0.0036,2,Mediocre
GLPVCGETCFGGTCNTPGCTCDWPICTRD,0.9985,0.0000,0.0428,0.0110,2,Mediocre
GSIPCGESCVFIPCLTSAVGCSCKSKVCYKN,0.9987,0.9914,0.0002,0.0000,2,Mediocre
GLPVCGESCFGGTCNTPGCTCDPWPVCTRN,0.9983,0.0000,0.0311,0.0021,2,Mediocre
GLLSGILGAGKRIVCGLSGLC,0.9988,0.9936,0.9404,0.0005,2,Mediocre
FLPFLASLFGKIF,0.9985,0.8208,0.2551,0.0001,2,Mediocre
GIMDSIKDTAKTVAVGLLDKIRCKITGC,0.9988,0.0724,0.1732,0.0004,2,Mediocre
FLGAITSLLGKLF,0.9988,0.0187,0.9936,0.0000,2,Mediocre
CSTTTFGLISYECKTGICSTTGSNKYCICTTGSK,0.9986,0.0439,0.4421,0.0157,2,Mediocre
INLKALWWAAKKIL,0.9989,0.6646,0.4887,0.0018,2,Mediocre
FLPIVGGLLKSLL,0.9986,0.2194,0.8378,0.0006,2,Mediocre
FLPFLASILGKIF,0.9987,0.6473,0.0799,0.0002,2,Mediocre
GIPCGESCVYIPCTVTALLGCSCSSKVCYN,0.9986,0.4471,0.0299,0.0001,2,Mediocre
GLLSTIKNMGKTAGQAALGAVKGLV,0.9988,0.3632,0.9270,0.0040,2,Mediocre
FIGAIAGLLSKIF,0.9988,0.2134,0.8135,0.0003,2,Mediocre
YNRIVCLQVGGRCVYLCRK,0.9988,0.5945,0.5917,0.0071,2,Mediocre
GLWSKIKNVASEAAIAAGKAALGALSEAL,0.9987,0.9958,0.8683,0.0056,2,Mediocre
GLLSSLSDMLLSAISS,0.9982,0.0000,0.4667,0.2129,2,Mediocre
MAGFIKRLLKKIRNIAKKTI,0.9989,0.8600,0.9515,0.0128,2,Mediocre
ITIPPIVKDTLKKFIKGGIAGVMGKSQS,0.9987,0.0003,0.0029,0.0002,2,Mediocre
FLPIIASVAAKVIPKLFCAITKKC,0.9988,0.0054,0.9837,0.0002,2,Mediocre
ACRLAGLGRKLLRAVLRKKTAKKKKR,0.9982,0.8509,0.0449,0.0012,2,Mediocre
VIVIIKDLLKKFF,0.9989,0.0946,0.9985,0.0072,2,Mediocre
GFGSSLKNLAISAGKAALGAVADTI,0.9987,0.0035,0.7407,0.1553,2,Mediocre
NILSTLKNLAKGAGKSALQTLVNKASCKLSGQC,0.9987,0.7398,0.9795,0.0054,2,Mediocre
CGETCVYGPCFTGAIGCSCKSKVCYRN,0.9985,0.0641,0.5634,0.0003,2,Mediocre
GWKKWVKKIERVGQRIRDAVISAGPAVATVGQAAAIARG,0.9987,1.0000,0.0659,0.8691,2,Mediocre
FLPAVGKLLSKLL,0.9987,0.2260,0.4881,0.1756,2,Mediocre
HLWKGLLKKVLKAAAKAAL,0.9989,0.9753,0.9799,0.0002,2,Mediocre
FLPIIASVAAKVFPKIFCAISKKC,0.9988,0.0065,0.2679,0.0003,2,Mediocre
GLKDWIKSIAKKLWNSDIVNQLKGKIKEKAGKTALNAASQGLP,0.9987,0.0037,0.0000,0.0018,2,Mediocre
GLLSGILGAGKHIVCGLSGLC,0.9988,0.9656,0.9250,0.0011,2,Mediocre
CLLGGLKVIQDKVRQFLKNMASK,0.9985,0.0377,0.3569,0.1035,2,Mediocre
FLPLLASLFSKLF,0.9984,0.1581,0.9866,0.0002,2,Mediocre
AFVDLKISQLLDLLASLLDKVK,0.9986,0.6283,0.6106,0.0063,2,Mediocre
FLGVLLKKASKVFPAVFGKV,0.9987,0.0000,0.1618,0.0004,2,Mediocre
ATCDLLSGFGVGNSACAAHCLLRGNRGGHCNSKAVCICRKT,0.9985,0.0038,0.9669,0.1396,2,Mediocre
FLSAIPSIAGGIAALAKKL,0.9987,0.7051,0.3430,0.0351,2,Mediocre
RRIRRRPPRLPRPRPR,0.9987,0.9993,0.0143,0.7553,2,Mediocre
GLFDIIKKIAESF,0.9988,0.4864,0.2664,0.0077,2,Mediocre
ACPSAFGAPYYTGQTQITCSYGQCRC,0.9984,0.0006,0.4355,0.0201,2,Mediocre
GIGAILSAAKSALKGLTKGLAEHFAN,0.9988,0.3160,0.9784,0.0046,2,Mediocre
GLVSGILNAATGLLNSLLGNFGGS,0.9988,0.0002,0.5866,0.0003,2,Mediocre
GIFDVVKGLAKTLGKHIGKNVAGDLLSQLKCKISGGC,0.9988,0.9333,0.0001,0.0005,2,Mediocre
GIPCGESCVWIPCTVTALAGCSCKSKVCYKN,0.9986,0.9040,0.0127,0.0001,2,Mediocre
FLPIIAGLLKKLL,0.9988,0.3464,0.9549,0.0003,2,Mediocre
FAWLAGLARLIL,0.9983,0.9199,0.6215,0.0005,2,Mediocre
GLPVCGETCFGGTCNTPGCSCSWPICTRD,0.9985,0.0000,0.0023,0.0043,2,Mediocre
GFMSTIKQVAKTVAKGALQGLLKTASCKLSGQC,0.9987,0.7552,0.6596,0.0036,2,Mediocre
GILCGESCVYIPCTITALLGCKCKSKVCYN,0.9986,0.1754,0.0231,0.0001,2,Mediocre
FLPLLASLFKKLL,0.9987,0.5155,0.9805,0.0001,2,Mediocre
ENPPMGVFKGLLKGLL,0.9989,0.2450,0.6187,0.0087,2,Mediocre
FLGVVFKKASKVFGAVFGKV,0.9987,0.0000,0.3201,0.0139,2,Mediocre
GVMDTVKNAAKNLAGQLLDTIKCKMTGC,0.9988,0.0898,0.0145,0.0004,2,Mediocre
GIIKIIKI,0.9989,0.0005,0.0052,0.3348,2,Mediocre
GIPCGESCVWIPCISSAAGCSCKSKVCYRN,0.9986,0.0011,0.2883,0.0000,2,Mediocre
GIGAALSRLLKGFLNGIAEKLKKK,0.9988,0.2540,0.0458,0.0028,2,Mediocre
GIPCAESCVWIPCTVTALLGCSCSSNVCYN,0.9986,0.0159,0.0621,0.0001,2,Mediocre
GILDKLKNIAKTAGKAALMEINNMVNMG,0.9988,0.0119,0.1553,0.0005,2,Mediocre
GETWDKLKNAAKNVAKNVAGKLDDKLKCKITGSC,0.9988,0.0198,0.0001,0.0045,2,Mediocre
GFWSTIKNVAKGVIVSLLDKLKCKITGGC,0.9988,0.1504,0.9840,0.0014,2,Mediocre
CGETCVIGTCYTAGCSCSWPVCKKN,0.9985,0.0002,0.7330,0.0001,2,Mediocre
GLVPCGESCVYIPCTITALLGCSCKSKVCYRD,0.9986,0.7459,0.0009,0.0005,2,Mediocre
GSWKKIVQRIKDFLRNLV,0.9988,0.3558,0.9800,0.0118,2,Mediocre
INLKAIAALAKKLL,0.9988,0.4167,0.9358,0.0236,2,Mediocre
FLGLIPHIVSGIASIAKHF,0.9987,0.0000,0.8778,0.0063,2,Mediocre
SIWSSIKNWAKKVAKTVAKEAAKGGLSLVACKASKQC,0.9988,0.4513,0.9845,0.0001,2,Mediocre
GIMDSVKGAAKKLIGKLLGKLKCKITGCKP,0.9989,0.0937,0.0212,0.0000,2,Mediocre
IIDSLKFLATGLGTVALHAALAKLTGS,0.9984,0.1004,0.4683,0.0004,2,Mediocre
INLKAIAALAKKIL,0.9989,0.4489,0.5007,0.0021,2,Mediocre
FLPIIAGVAAKVFPKIFCAISKKC,0.9987,0.0020,0.4228,0.0004,2,Mediocre
QGGRGRGGYGGGGGGGGWWRRGYGWGKW,0.9986,0.4848,0.4307,0.0269,2,Mediocre
FLGGVFKLASKVFPAVFGKV,0.9987,0.0011,0.0287,0.0004,2,Mediocre
GIGAFLKSAGKSALKGLAEHFAN,0.9986,0.7958,0.2133,0.3881,2,Mediocre
FLPILAGLAAKFLPKIFCSITKKC,0.9988,0.0490,0.9925,0.0002,2,Mediocre
FLPFFRKKIFKRI,0.9989,0.1989,0.3406,0.0005,2,Mediocre
IWGAIWNGIKSIF,0.9988,0.3695,0.9671,0.0098,2,Mediocre
FKIGSLFKKLK,0.9987,0.3185,0.6123,0.0004,2,Mediocre
GTTWESCVWIPCTVTALVGCTCSSDSVCYF,0.9985,0.0013,0.0504,0.0893,2,Mediocre
IISIFRGIVSAIKT,0.9988,0.0168,0.3430,0.0001,2,Mediocre
FLPFLAKIFSKIF,0.9988,0.7791,0.0789,0.0016,2,Mediocre
GIMDSLKNVAKNAGQSVLKTLSCKLSNDC,0.9987,0.0686,0.1005,0.0037,2,Mediocre
ATCDLLSFQSVGNSACAAHCLLRGNRGGYCNGRAVCNCRN,0.9984,0.0004,0.9972,0.0313,2,Mediocre
GLPVCGETCFGGRCNTPGCACDPWPICTRD,0.9983,0.0000,0.0003,0.0023,2,Mediocre
ATCDLLSTTWKGHSACAAHCLLRGNRGGYCNSKRVCVCR,0.9984,0.2028,0.9455,0.0592,2,Mediocre
CGETCVFGRCYTKDIVCTCSWPVCKVQ,0.9987,0.0121,0.1968,0.0002,2,Mediocre
FLPALASLAAKVSPKLFCAITKKC,0.9987,0.5075,0.9747,0.0002,2,Mediocre
PLPLLAGLAAKILPKIFCLITKKC,0.9988,0.0002,0.9908,0.0003,2,Mediocre
GLPICGETCVGGTCNTPGCSCDPWPVCTRN,0.9983,0.0000,0.0302,0.0005,2,Mediocre
INFKKIFKKVEKMGQTIRDGIVKAGPAVAVVGQATSIARPTGK,0.9988,1.0000,0.1147,0.6032,2,Mediocre
KKVGRLVKVLGRIV,0.9987,0.9641,0.6736,0.1311,2,Mediocre
KWKIFKKIEKVGQNIRDGIIKAGPAVQVVGQATSIARPTGK,0.9987,1.0000,0.9695,0.5056,2,Mediocre
GLGSLLGKVLKAALKIVSGLCGLEKLKNS,0.9988,0.3304,0.9799,0.0004,2,Mediocre
FFGKVFKLASKVFGAVFGKV,0.9988,0.9732,0.9216,0.0027,2,Mediocre
FLPIIASVAAKVLPKLFCAITKKC,0.9988,0.0026,0.9965,0.0001,2,Mediocre
GLWSKIKEAALTAGKAALNEISQLVNQ,0.9986,0.0401,0.1296,0.0011,2,Mediocre
FLPLIAGLAAKFLPKIFCKISKKC,0.9988,0.0500,0.9783,0.0008,2,Mediocre
FLGVVLKKASKVFPAVFGKV,0.9987,0.0000,0.1820,0.0010,2,Mediocre
FLPIIGKLLSGLSGLL,0.9988,0.8298,0.9824,0.0248,2,Mediocre
GIGAKILSAGKSALKGLAKGLAEKVAN,0.9988,0.8089,0.9779,0.0248,2,Mediocre
KKLLKKLLKKL,0.9990,0.1366,0.2088,0.0795,2,Mediocre
IDIKKTIAKKLAEKVIDAV,0.9987,0.1405,0.0001,0.0228,2,Mediocre
GLLDKIKSIAESLASGIVEGIK,0.9988,0.0063,0.0006,0.0007,2,Mediocre
FLSLLPSLISGLVSAIRK,0.9988,0.0170,0.2829,0.0000,2,Mediocre
FLPIVGKLLSGLSGLL,0.9988,0.9610,0.9859,0.0189,2,Mediocre
GIGTALKGAAKKLGKALAKEGGKAGLEHLACKATNQC,0.9986,0.9802,0.8789,0.0203,2,Mediocre
GLSVLLHGAGHAVKGLAKGLAEHF,0.9987,0.0542,0.2657,0.0051,2,Mediocre
WGRRLLGKIMI,0.9987,0.5814,0.2123,0.3972,2,Mediocre
FLGALIPAAIGIISKL,0.9986,0.0001,0.0052,0.0021,2,Mediocre
RFGRLAKRILRFLKKLK,0.9989,0.7999,0.9406,0.0004,2,Mediocre
FLSLIPSIVSGAVSLVKKL,0.9988,0.9211,0.9855,0.0001,2,Mediocre
GLRDLIKGAGKLLITHAMEKLANPK,0.9987,0.1946,0.0000,0.0323,2,Mediocre
GKIPCAESCVWIPCTVTALVGCSCSDKVCYKN,0.9987,0.0171,0.0003,0.0001,2,Mediocre
GLPVCGETCFGGTCNTPGCSCGWPVCTRN,0.9985,0.0000,0.1288,0.0074,2,Mediocre
SILGKILGGIKTLL,0.9989,0.1138,0.7792,0.0125,2,Mediocre
SIVPAIICNLRGCKCYG,0.9987,0.3722,0.7008,0.0533,2,Mediocre
GLPICGETCFGGTCNTPGCSCSWPVCTRN,0.9984,0.0000,0.1695,0.0033,2,Mediocre
FFSSVFKAAIKALPAIICSITKKC,0.9988,0.0164,0.1674,0.0018,2,Mediocre
QSHWSLCTRGCMSGNGGSFLYCCFGIQECTTQYLCRARSCSTRGYCRRRG,0.9982,0.0136,0.0000,0.1821,2,Mediocre
ILPWKWPWRPWKR,0.9988,0.5838,0.7430,0.2999,2,Mediocre
GIPCGESCVWIPCLTSAIGCSCKSKVCYRN,0.9987,0.0002,0.0165,0.0000,2,Mediocre
RRFKLFKKLLKKVKNSVKKRMKEFKK,0.9988,0.5817,0.0877,0.3368,2,Mediocre
GLPVCGETCFGGTCNTPGCTCWPWPVCTRN,0.9985,0.0000,0.2410,0.0045,2,Mediocre
ATCDLLSGFGVGDSACAAHCIARGNRGGYCNGRAICVCRN,0.9981,0.0001,0.9402,0.4344,2,Mediocre
GLLILLKLLGKLL,0.9989,0.7660,0.9974,0.0002,2,Mediocre
GFGCNGPWDEMQCHNHCKSIKGYKGGYCAKGGFVCKCY,0.9985,0.0000,0.9996,0.8846,2,Mediocre
VTCDLLSFEAKGFAFNFLACASKGHLAGGYCAKGVCVCRR,0.9984,0.0049,0.1869,0.0322,2,Mediocre
ILPIIGKILSGLL,0.9989,0.0056,0.1296,0.0141,2,Mediocre
SLGAILSLAGKLL,0.9987,0.5436,0.9795,0.0001,2,Mediocre
ITSKSLCTPGCWTGKLMTCNMKTATCGCHIFG,0.9983,0.0165,0.9384,0.0003,2,Mediocre
FLPLIGGLLGKLL,0.9989,0.1949,0.5932,0.0002,2,Mediocre
ILPFKTLTSRICFTESIEQIQQ,0.9982,0.2047,0.0301,0.0002,2,Mediocre
FLPILASLFKKLL,0.9988,0.5202,0.9494,0.0001,2,Mediocre
GLLSKIKEAGKKFAISIAEGIAS,0.9988,0.0254,0.0930,0.0004,2,Mediocre
CGETCVIGTCYTPGCSCSWPVCKKN,0.9986,0.0001,0.1144,0.0003,2,Mediocre
GLPVCGETCFGGTCNTPGCSCSWPICTRN,0.9984,0.0001,0.0445,0.0089,2,Mediocre
GIPCAESCVWIPCTVTALLGCSCSNKVCYN,0.9986,0.0264,0.1136,0.0000,2,Mediocre
GIPCGESCVWIPCTVTALLGCSCSSKVCYR,0.9987,0.7891,0.1317,0.0003,2,Mediocre
FLGAILPVIAGLVGSLIK,0.9987,0.1320,0.0527,0.0058,2,Mediocre
GATLYGCGVEANKYGYYDSKECFMKTGCGCKLHGTGKEHPGKGKT,0.9985,0.0787,0.0086,0.0017,2,Mediocre
SLGVLIASTALKLLGNVGGSGSQGQS,0.9981,0.0002,0.0770,0.0057,2,Mediocre
GSGCPFNQGQCHSHCQSIRRRGGYCDGFLKTRCVCYR,0.9985,0.3766,0.9417,0.4834,2,Mediocre
GLPVCGETCFGGTCNTPGCACDPWPVCTRN,0.9982,0.0000,0.0136,0.0018,2,Mediocre
GLVDTLKNLAKKLAVSLLEKIKCKATGC,0.9988,0.2475,0.0001,0.0010,2,Mediocre
FLPLIASLVGKIL,0.9986,0.0110,0.1155,0.0002,2,Mediocre
WLPICGESCFGGTCYTPGCSCSWPICMKN,0.9987,0.0004,0.0020,0.0002,2,Mediocre
GLPTCGETCFGGTCNTPGCSCDPWPVCTRN,0.9983,0.0000,0.0012,0.0005,2,Mediocre
LVPIIGKILGGLLKGL,0.9989,0.1850,0.3705,0.0004,2,Mediocre
FLPLLGNLLSNLL,0.9982,0.0050,0.2985,0.0151,2,Mediocre
FLPILGSLLKSLL,0.9987,0.0400,0.9597,0.0004,2,Mediocre
GLGVVFKLVSKVFPAVFGKV,0.9985,0.0000,0.6151,0.0033,2,Mediocre
FFSLIPSLISGLVSAIK,0.9988,0.0029,0.1749,0.0000,2,Mediocre
FLPFIAGLLSKLL,0.9986,0.2569,0.4139,0.0004,2,Mediocre
GMLQTVKDLLIKAGKGALQSVLNAISCKLSGQC,0.9987,0.9339,0.8616,0.0022,2,Mediocre
GLLSLLKGLGKVGAHVLKHVAKQ,0.9989,0.7820,0.1012,0.0073,2,Mediocre
GLWSKIKSVAAAAGKAALGAV,0.9988,0.5630,0.2103,0.0150,2,Mediocre
GLLSNLGNLLGKLAKVGLEIVKNQ,0.9988,0.3825,0.0003,0.0003,2,Mediocre
IIGPLLKLGVKLLGKLL,0.9989,0.9314,0.9458,0.0009,2,Mediocre
GLPVCGETCFGGTCNTPGCACDPWPICTRD,0.9982,0.0000,0.0003,0.0010,2,Mediocre
RWKFFKKIEKMGKSIRNGIVKAGPALVLGTVLGAAKAIGSS,0.9988,0.9640,0.2469,0.0033,2,Mediocre
GLPVCGETCFGGTCNTPGCTCSWPVCTRN,0.9984,0.0000,0.9178,0.0176,2,Mediocre
RPPRPRPHRPRPPFPPPFRPPFP,0.9988,0.4955,0.0011,0.4256,2,Mediocre
GLWSKIKEAANAAAKAAGKAVLNALSEAL,0.9988,0.9305,0.3590,0.0002,2,Mediocre
GLPVCGETCVGGTCNTPGCSCDPWPVCTRN,0.9983,0.0000,0.0656,0.0008,2,Mediocre
FLPLLTSLFGKLL,0.9986,0.2159,0.5370,0.0001,2,Mediocre
FIGAILSLLKSLL,0.9988,0.0641,0.5245,0.0000,2,Mediocre
GLLSLLSLFGKKL,0.9988,0.6386,0.9982,0.0011,2,Mediocre
ITSKSLCTPGCKTGVIMTCAMKTATCGCHF,0.9983,0.0788,0.0817,0.0047,2,Mediocre
GFGCNGPWSEDDIQCHNHCKSIKGYKGGYCGGFVCKCY,0.9985,0.0000,0.9869,0.0106,2,Mediocre
LNIWKLISTAEELVDLV,0.9984,0.1251,0.0003,0.4218,2,Mediocre
FLSLLPSIVSGAVSLVKSLL,0.9987,0.7779,0.9329,0.0001,2,Mediocre
ITSISCCPPGCKTAALGCSQKICKC,0.9987,0.0003,0.9737,0.0007,2,Mediocre
FLGVVFKLASKVFPAVFGKV,0.9986,0.0000,0.4436,0.0004,2,Mediocre
FLPLLGNLLKSLL,0.9986,0.0346,0.9949,0.0037,2,Mediocre
ALGAIKLTLAKVLPAIIGAVTKKKQ,0.9988,0.0054,0.0252,0.0011,2,Mediocre
FLPIIASVAAKVFSKIFCAISKKC,0.9988,0.0544,0.3060,0.0004,2,Mediocre
GLLDLLKGIGKIVGSIAL,0.9989,0.3463,0.2698,0.0017,2,Mediocre
FLPLLGNLL,0.9982,0.0485,0.0827,0.0002,2,Mediocre
KVFIRVNGFFNGIRIQRKMCRKRS,0.9981,0.7145,0.4381,0.0054,2,Mediocre
ITIPPIVKDTLKKFFKGGLGAISQGVGEAL,0.9986,0.0002,0.4793,0.0001,2,Mediocre
GLSLLLKLLGKLL,0.9988,0.1342,0.9973,0.0001,2,Mediocre
SLGAVIKAATKLGPAALGFLTKKC,0.9988,0.0001,0.0149,0.0001,2,Mediocre
SLGALFKHGLHAIKIALKHAMQHFL,0.9988,0.2750,0.1553,0.0501,2,Mediocre
CGTSCVFIPCITAVIGCSCKSKVCYKN,0.9988,0.0622,0.9399,0.0001,2,Mediocre
CGETCVFIRCISAAIGCSCKDKVCYKN,0.9987,0.1882,0.9067,0.0308,2,Mediocre
GIFDIIKGLAKSAGKGVLKTLASKLSCKLAKTC,0.9988,0.3929,0.6237,0.0009,2,Mediocre
SLSLLLHGLVKVGSTLGKLLLGKLLSKSQEA,0.9984,0.0317,0.0002,0.0015,2,Mediocre
GLPTCGETCFGGTCNTPGCSCDPWPVCSRN,0.9983,0.0000,0.0010,0.0008,2,Mediocre
GSVIGCGETCFGGSCNTPGCSCSWPVCTRN,0.9985,0.0000,0.0116,0.0079,2,Mediocre
FLPIIASVAAKVLPKIFCAISKKC,0.9988,0.0168,0.8337,0.0005,2,Mediocre
GASGGESCVFIPCISGVIGCSCSNKVCYKN,0.9987,0.7977,0.0039,0.0003,2,Mediocre
GLWSKIKEVAKEAGKAALGALNEAL,0.9989,0.0320,0.0699,0.0011,2,Mediocre
GLPVCGETCVGGTCNTPGCTCSWPVCTRN,0.9984,0.0000,0.9804,0.0274,2,Mediocre
QLGPALKKIPAALPAVSSLVKKL,0.9986,0.1107,0.0520,0.0003,2,Mediocre
GLMSTIGNLLGGLIGDLSGKL,0.9988,0.0220,0.0081,0.0042,2,Mediocre
GIFSLIKAGAKLLLKTIGKTLGKMGLELMACKITKQC,0.9987,0.0587,0.9610,0.0000,2,Mediocre
GLLKKIVQRIKDFLRNLV,0.9989,0.0930,0.9033,0.0233,2,Mediocre
GRIRRRLPRPPRPRPR,0.9983,0.9992,0.0102,0.8524,2,Mediocre
SILPTIVSFLSKFL,0.9987,0.0304,0.0504,0.0001,2,Mediocre
GSKKPVPIIACNRRTGKCQR,0.9987,1.0000,0.9576,0.9891,2,Mediocre
IWLAGLAKAALKWLLKKL,0.9988,0.9315,0.9107,0.0018,2,Mediocre
GLPSGLLKNAAKVGLGLVHALANQ,0.9986,0.0041,0.2007,0.0001,2,Mediocre
GLKKLKKIEKVGQRIRDAVISAAPAVQGVATAYQIAKRILRG,0.9987,1.0000,0.2572,0.8182,2,Mediocre
RRLRPRRPRLPRPRPRPRPRPRPRPRPWP,0.9987,0.9988,0.0003,0.9981,2,Mediocre
GILSGVLGMGKKVVCGLSGLC,0.9988,0.9941,0.9959,0.0007,2,Mediocre
GSKKKVGKAIEKAGRNIRDGIIKAGPAVAVVGQAATIYKG,0.9988,1.0000,0.0091,0.5009,2,Mediocre
WRIRRRWPRLPRPRPRPLPRPR,0.9988,1.0000,0.9817,0.9930,2,Mediocre
GIMDTVKNAAKQLLGQLLDKLKCKITGC,0.9988,0.1186,0.0183,0.0002,2,Mediocre
GIPCGESCVWIPCTVTALLGCSCSNKVCYN,0.9987,0.0662,0.2412,0.0000,2,Mediocre
QSHLSLCRWCCNCCKNKGCGFCCKF,0.9988,0.0000,0.7785,0.0001,2,Mediocre
GICRCGRIRRGVCLCRCLG,0.9987,0.7180,0.4481,0.0097,2,Mediocre
LRKRWW,0.9989,0.1208,0.7597,0.1172,2,Mediocre
GSEIVKAIKKLLK,0.9988,0.0829,0.0023,0.2358,2,Mediocre
GWLRKIGKKIERVGQHTRDATIQGIGVAQQAANVAATARG,0.9987,0.9993,0.0002,0.9209,2,Mediocre
FLKVVFKVASKVFGAVFGKV,0.9986,0.0000,0.9658,0.0015,2,Mediocre
LLGDIVKDTLKGAGKGVAQSLLSTASCKLAKTC,0.9986,0.5332,0.6054,0.0004,2,Mediocre
SLLSLFKNLGTLALGAVTEMINQ,0.9987,0.0007,0.1199,0.0000,2,Mediocre
MLGIIGSVAKKVLPAALCAITNKC,0.9988,0.0017,0.8536,0.0003,2,Mediocre
GFGCPNDEDDMQCHNHCKSIKGYKGGYCAKGGFVCKCY,0.9985,0.0000,0.9994,0.9985,2,Mediocre
GVRDILKGAGKAFLGHILSKISEKV,0.9988,0.0301,0.0148,0.0290,2,Mediocre
FLSIIAKTARIL,0.9987,0.1794,0.3081,0.3468,2,Mediocre
NFLDTIVKLLKKVL,0.9989,0.9331,0.4341,0.0001,2,Mediocre
RRLRPRPPRLPRPRPRPRPRPRPRPWFPPRFP,0.9987,1.0000,0.0000,0.9998,2,Mediocre
GLKKIGKAIERVGQRTRDATIQAIGVAQQAANVAATAR,0.9986,0.9978,0.0006,0.0498,2,Mediocre
AVLKKLLKGVAKNVAKSVLDTLSCKLKKTC,0.9988,0.4717,0.6511,0.0000,2,Mediocre
ALWKSMLKKLLKKL,0.9989,0.9454,0.8386,0.0014,2,Mediocre
LKLFFKIRIQLIGKVV,0.9986,0.0940,0.8147,0.0056,2,Mediocre
GLLSGILGAGKSIVCGLSGLC,0.9986,0.8923,0.2383,0.0004,2,Mediocre
GIPCAESCVWIPCTVTALVGCSCSNKVCYN,0.9986,0.0031,0.0447,0.0000,2,Mediocre
GFGCPDDEMQCHNHCKSIKGYKGGYCGGFVCKCY,0.9986,0.9371,0.0310,0.0073,2,Mediocre
GLPVCGETCVGGTCNTPGCTCGWPICTRD,0.9984,0.0000,0.3260,0.0225,2,Mediocre
GIPCGESCVWIPCTVTALLGCSCSDKVCYN,0.9987,0.0020,0.0705,0.0001,2,Mediocre
GLPSLIKKAAKFL,0.9988,0.0756,0.6443,0.0453,2,Mediocre
RRIRPRPPKLPRPRPRPLPFPRP,0.9987,0.9997,0.9990,0.9993,2,Mediocre
GIMDSVKGAAKNLAGKLLEQLKCKITGC,0.9988,0.2742,0.5516,0.0000,2,Mediocre
AGPRPKGAVGAVAKAVAKTALKAALGAVTSLV,0.9987,0.7133,0.0008,0.0006,2,Mediocre
GLPVCGETCFGGTCNTPGCSCDPWPICTRD,0.9982,0.0000,0.0002,0.0004,2,Mediocre
GLWSKIKEAGKKFAIAFIKKAKAKAAKAFKAAIEAFKKFLK,0.9988,0.6671,0.0129,0.0036,2,Mediocre
FLPLIAGVAAKVLPKIFCAISKKC,0.9987,0.0153,0.8953,0.0010,2,Mediocre
GLFSKLQSGVGKTVLKNVGGSLLDQLKCKLAGGC,0.9987,0.4916,0.0180,0.2421,2,Mediocre
GIPCGESCVWIPCTVTALLGCSCSNKVCYLN,0.9986,0.0017,0.4532,0.0000,2,Mediocre
GIPCAESCVWIPCTVTALLGCSCSDKVCYN,0.9986,0.0018,0.0199,0.0000,2,Mediocre
FLGALLKIGRAIVCALTKKC,0.9987,0.2100,0.9939,0.0019,2,Mediocre
GLPTCGETCFGGTCNTPGCTCSWPVCTRN,0.9984,0.0000,0.9018,0.0147,2,Mediocre
GLGSIFGAGLKLLGKNVGKMGMGLLSQKLKQ,0.9988,0.0075,0.0172,0.0003,2,Mediocre
FLGVVFKLASKVFGAVFGKV,0.9987,0.0000,0.9925,0.0024,2,Mediocre
ILGKILGLVGKALSGLLSHL,0.9989,0.9368,0.8527,0.0240,2,Mediocre
FLPILGNLLKSLL,0.9986,0.0051,0.9898,0.0010,2,Mediocre
LRRVARRIFRFWRRAV,0.9988,0.0025,0.9713,0.4733,2,Mediocre
FLPLIGSLLGKLL,0.9988,0.4764,0.4226,0.0002,2,Mediocre
ITSISLCTPGCKTGALMGCNNKTATCSCSVHVSK,0.9984,0.0019,0.9886,0.1145,2,Mediocre
FIRAILRKIF,0.9988,0.0207,0.9784,0.0043,2,Mediocre
GFGCNGPWDEDDMQCHNHCKSIKGYKGGYCAKGGFVCKCY,0.9985,0.0000,0.9993,0.9997,2,Mediocre
FLGAIWNGIKSLF,0.9987,0.9186,0.8365,0.0028,2,Mediocre
GGGVSCGESCLLGTCYTPGCSCSYPICKK,0.9986,0.7085,0.0008,0.0002,2,Mediocre
GLLSKLWNKIKEKI,0.9989,0.1074,0.7336,0.0001,2,Mediocre
GLLDIIKHIIDSI,0.9989,0.5378,0.0294,0.0017,2,Mediocre
FLPVLFKLASKVF,0.9984,0.0029,0.7395,0.0284,2,Mediocre
GLFDIIKKIAESI,0.9988,0.1030,0.0335,0.0130,2,Mediocre
CLPASIVSPCSSVVGCICKNKVCYSN,0.9987,0.0007,0.5234,0.0888,2,Mediocre
FLPLIAGLIGKLF,0.9988,0.7408,0.8965,0.0001,2,Mediocre
LSTKSCYTCSTVSSVFTLCCSGKGK,0.9983,0.0033,0.0816,0.0000,2,Mediocre
LVPVLASVAANVLPTAICAISKKC,0.9986,0.0245,0.8810,0.0006,2,Mediocre
FLPLIGKVLGKLF,0.9987,0.9643,0.9988,0.0096,2,Mediocre
KLGAIAATLPHVLPHVISALKKF,0.9986,0.0825,0.0262,0.0004,2,Mediocre
GLLGTILGTLKGLL,0.9989,0.0805,0.0064,0.0001,2,Mediocre
FLSLIPHAINAVSTLADHF,0.9982,1.0000,0.9988,0.9530,2,Mediocre
FLGAIANALGKLL,0.9987,0.0015,0.0103,0.0002,2,Mediocre
FLPIIASVAAKVVPTLICSITKKC,0.9988,0.0070,0.5936,0.0000,2,Mediocre
LTSSSLCTPGCKTGVIMTCPLKTATCGCHISKK,0.9985,0.0073,0.3571,0.0061,2,Mediocre
GKLALFKQLGRAIKGLHAGIAAKVAKQFLNKIQCKLQGG,0.9988,0.5183,0.9952,0.0021,2,Mediocre
FLPLLAGLLKSLL,0.9985,0.1125,0.9502,0.0006,2,Mediocre
FLPFIGKLLSGLL,0.9985,0.1283,0.2649,0.0100,2,Mediocre
GILSGLLSAAKSALKGFAKGLAEHFAN,0.9988,0.5445,0.9971,0.0001,2,Mediocre
KRVKSKINGVGQGIKKALKVAGMANEGNDISSNLGPK,0.9986,0.1268,0.3052,0.0108,2,Mediocre
LNPAGLIPSGLSSLVKLTKK,0.9984,0.5353,0.0505,0.2605,2,Mediocre
EPCGESCVYIPCTVTALLGCSCKDKVCYKN,0.9986,0.0246,0.0003,0.0002,2,Mediocre
WLFDIIKGAIKQI,0.9988,0.0900,0.2603,0.0766,2,Mediocre
CGETCVYLPCITGVIGCTCKSKVCYRN,0.9987,0.1229,0.2471,0.0001,2,Mediocre
GETSKKLKNKLKTAAKEAAKAALKAVLSAASEAL,0.9987,0.9512,0.0073,0.0013,2,Mediocre
GIPCGESCVYIPCTVTALLGCSCSNKVCYKN,0.9986,0.9555,0.0612,0.0000,2,Mediocre
GLLSLIKGALKQIGKNVAGSLMDNLKCKLSGEC,0.9988,0.9883,0.0000,0.0004,2,Mediocre
FIGAIAKLLPKIL,0.9988,0.0381,0.2110,0.0005,2,Mediocre
FLPFLASLAAKLLPKIFCAISKKC,0.9988,0.2735,0.3702,0.0002,2,Mediocre
LRQAALWARLVLWKLINLWR,0.9988,0.0850,0.8262,0.0058,2,Mediocre
GEFPKIAKEAAKKVAKKAVSSVAGQVKDLVGSGPSQSQG,0.9986,0.1049,0.0015,0.3352,2,Mediocre
LLGDVLCGESGEVFIPCISAALGCSCKSKVCYKN,0.9986,0.2273,0.0248,0.0001,2,Mediocre
GLPVCGETCFGGTCNTPGCTCTWPICTRD,0.9984,0.0000,0.0383,0.0133,2,Mediocre
CGETCITGRCYTGSLGCACDYKVCTKN,0.9984,0.0185,0.3536,0.0003,2,Mediocre
SLGAVLKVLGKFAPAVVPIIAEKLKP,0.9986,0.0004,0.3177,0.0021,2,Mediocre
WLVIIGNG,0.9986,0.0057,0.3142,0.0085,2,Mediocre
IFGAIWKGIFKLVSRL,0.9988,0.7852,0.1632,0.0004,2,Mediocre
GIKRIARLIRKIFK,0.9989,0.9230,0.9742,0.0011,2,Mediocre
FLSLIPHAINAVSAIAKHL,0.9987,1.0000,0.9423,0.7912,2,Mediocre
SLGVTLGVAKTALTQI,0.9983,0.0065,0.0817,0.0004,2,Mediocre
FLPLLASLFSKLL,0.9983,0.2132,0.9241,0.0006,2,Mediocre
FAGLVGMLLKLL,0.9985,0.0503,0.8725,0.0019,2,Mediocre
GASVLIYAKGPMKKFFSKTLTCGKMTSCSCSYECKNRK,0.9982,0.0167,0.0014,0.0165,2,Mediocre
GIIDKIKEKLKETIKSLWNEIGQELKCKLAGGLA,0.9988,0.0502,0.0115,0.0000,2,Mediocre
GFGCPWNAYQCNSHCRSIRRRGGYCAGFLKTTCVCYR,0.9984,0.9051,0.9537,0.0747,2,Mediocre
FLPFLASLLGKIL,0.9985,0.8505,0.2829,0.0002,2,Mediocre
FLPVLGKLLSKLL,0.9987,0.0539,0.7857,0.0289,2,Mediocre
GLLSKILGTLGKLLGSLLGDLFKGGLQPA,0.9988,0.8740,0.0001,0.0244,2,Mediocre
KTYNGLGCNKKKCWVDWGQAWEIIVNGWIHSGIATWASGGHHG,0.9985,0.0013,0.0923,0.0686,2,Mediocre
FFSLIPSIVGGLVKKL,0.9985,0.0754,0.5725,0.0004,2,Mediocre
FLPILAGLLK,0.9987,0.0442,0.3599,0.0007,2,Mediocre
FLPVIANLLFKLL,0.9985,0.5896,0.9951,0.0002,2,Mediocre
GLFVVFKFASKVFGAFFGKV,0.9986,0.0000,0.9473,0.0000,2,Mediocre
FLGLIPSLISGLVSAFK,0.9988,0.0075,0.0693,0.0000,2,Mediocre
GFGAIWDEMLCSN,0.9983,0.0000,0.0153,0.0127,2,Mediocre
FLPLLLSLIKGLL,0.9984,0.3363,0.9883,0.0001,2,Mediocre
ILGWIASILGKLL,0.9988,0.0632,0.8924,0.0001,2,Mediocre
FLVIIGKLLSGLL,0.9988,0.1360,0.9757,0.0014,2,Mediocre
GFGCPWNADECHNHCKSIKGYKGGYCAKGGFVCKCY,0.9986,0.1269,0.9699,0.0777,2,Mediocre
LLGLIPSLISGLVSAIK,0.9988,0.0003,0.1483,0.0000,2,Mediocre
GLVSKIKAAGKAALDAAKGAFQESYAN,0.9988,0.0001,0.0704,0.3140,2,Mediocre
GLAVLLAKLLKKLFP,0.9988,0.7396,0.9687,0.0001,2,Mediocre
ITIPPIVKDTLKKFFKGGIAGVMGKQQE,0.9986,0.0000,0.0101,0.0004,2,Mediocre
FLPIVGSLLKGLL,0.9987,0.1353,0.6472,0.0009,2,Mediocre
SLGSLFNALLGLLK,0.9988,0.0274,0.4781,0.0007,2,Mediocre
FLGAVINAASKVLPSVFCAITKKC,0.9987,0.0110,0.9565,0.0004,2,Mediocre
FLPLIGGLLKKLL,0.9987,0.1814,0.4135,0.0004,2,Mediocre
GRMTKAIKQYGAAFLKKVLEKLKNK,0.9987,0.3447,0.0077,0.0045,2,Mediocre
GFLDIIKKTIESIT,0.9988,0.4768,0.0047,0.0450,2,Mediocre
GLWSSIKNMGLKFALNLLDKIRCKVAGGCKTP,0.9987,0.2560,0.3207,0.0001,2,Mediocre
WLSINGKALGKLFAGVLELIQCKLSGGC,0.9984,0.0002,0.7143,0.0012,2,Mediocre
FLPLLPKIATGIL,0.9984,0.0016,0.0057,0.0076,2,Mediocre
GFGCPWDEDDMQCHNHCKSIKGYKGGYCAKGGFVCKCY,0.9985,0.0000,0.9996,0.9989,2,Mediocre
ALIKILKLVGKLI,0.9989,0.6375,0.4775,0.0017,2,Mediocre
ATCDLLSFQSKGAAACAAHCIARGNRGGYCNRKGVCVCRN,0.9984,0.0063,0.9915,0.3641,2,Mediocre
LTKISGIIKGVKRTK,0.9987,0.9442,0.6449,0.0092,2,Mediocre
FIRPIIRKILRRLI,0.9989,0.8937,0.2386,0.0037,2,Mediocre
GSSIPCAESCVYIPCFTGVIGCSCKNKVCYRN,0.9986,0.6005,0.0007,0.0000,2,Mediocre
RRRLRPRLPRPRPPPFRPPPRL,0.9983,0.9999,0.1309,0.9976,2,Mediocre
GILDSLKNLAKGAGKGALQSVLNTLSCKLSGQC,0.9987,0.3050,0.9950,0.0002,2,Mediocre
FLPILASLLKGLL,0.9986,0.0170,0.6271,0.0004,2,Mediocre
GLLSSLGNALGGLLGDVVKTVGSKKERP,0.9988,0.0000,0.0000,0.0284,2,Mediocre
GLVGSLLKKLLKHLLKHL,0.9989,0.9057,0.4124,0.0139,2,Mediocre
ITSKSLCTPGCKTGVLGTCNLKTATCGCHVHVAE,0.9984,0.0050,0.7275,0.0058,2,Mediocre
FLPIVGNLLSSLL,0.9983,0.0370,0.8296,0.0042,2,Mediocre
FLPLLAGLFGKLF,0.9987,0.3697,0.9763,0.0001,2,Mediocre
ITIPPIVKDTLKKFFKGGIAGVMGS,0.9987,0.0001,0.3140,0.0019,2,Mediocre
TAETCILGFLPGCVTAAAFGCSCSGVCKSS,0.9985,0.0107,0.0815,0.0035,2,Mediocre
QGVGNIIDDILNSIKQIIFAGQAAIKGIIKKGIKKI,0.9988,0.6989,0.6046,0.0221,2,Mediocre
FIFPSIWAGLKKFF,0.9987,0.1252,0.9725,0.0125,2,Mediocre
FLSTILSTLSLLF,0.9980,0.0098,0.9814,0.0004,2,Mediocre
FLPFLAGLLKKLL,0.9987,0.4027,0.2839,0.0003,2,Mediocre
GLVSGILGALGSLLGGLLKSLGGNKGLE,0.9989,0.0005,0.1084,0.0003,2,Mediocre
GIPCAESCVYIPCISGVIGCTCSNKVCYLN,0.9986,0.0010,0.7336,0.0001,2,Mediocre
GLPVCGETCFGGTCNTPGCTCDPWPICTRN,0.9983,0.0000,0.0156,0.0011,2,Mediocre
GFGCNGPWIEDDLRCHNHCKSIKGYKGGYCAKGGFVCKCY,0.9985,0.0000,0.9992,0.9995,2,Mediocre
GLWSKIKEVAATAGKAALGAINEAL,0.9988,0.0021,0.2535,0.0019,2,Mediocre
GLMDTIKNMAINAAKSAGVSVLNSLSCKLSKTC,0.9987,0.7068,0.8897,0.0700,2,Mediocre
FLPLIGKILSKVL,0.9989,0.4767,0.2887,0.0123,2,Mediocre
TLPVCGETCFGGTCNTPGCTCDPWPVCTRN,0.9984,0.0000,0.0139,0.0041,2,Mediocre
WLLVNEALDKAL,0.9987,0.0000,0.0002,0.0101,2,Mediocre
VGSFSHHECPSGVCYKTGSCSYSLCCRSN,0.9986,0.1202,0.0095,0.0012,2,Mediocre
GFGFNGGWDEDDMQCHNHCKSIKGYKGGYCAKGGFVCKCY,0.9986,0.0000,0.9997,0.9993,2,Mediocre
FLPVIGNLL,0.9987,0.0046,0.5064,0.0004,2,Mediocre
FLGALAKLGPKLFCLVTKKC,0.9985,0.0393,0.0578,0.0005,2,Mediocre
GFGSKIDQKKASGVAQAALKTGLGSAATGANTYVGQAWANVYTNR,0.9981,0.0076,0.0133,0.0249,2,Mediocre
GLPVCGETCFGGTCNTPGCSCDTWPVCTRN,0.9983,0.0000,0.0693,0.0003,2,Mediocre
ILGPVLGLVGSALGGLIKKI,0.9988,0.0022,0.6137,0.4111,2,Mediocre
FLRGLVKVGRKIAGRLIGKVER,0.9988,0.9068,0.9840,0.0604,2,Mediocre
GPVSCIYNGRCMAGCKYYGVCFLTGSCSFSNCAAGG,0.9982,0.9758,0.9293,0.0410,2,Mediocre
GLFSVIKNAGKEAGLEALKAALNALSCKLSGQC,0.9987,0.9340,0.9891,0.0009,2,Mediocre
FIGALIKLGSKLIPSVVSALTQKKR,0.9988,0.0059,0.9843,0.0009,2,Mediocre
PDPEPEAGEEASSPEEASPEEIRYYSGGAYTLANRYS,0.9979,0.0000,0.0000,0.0008,1,Bad
CSWIPDIAGNKGGSCNYKPTDMCSSTRNYCSSSSSSYGFCQGNC,0.9983,0.0000,0.0004,0.9948,1,Bad
VDVPIYTNPPTPPPPPPPPPGPIGPACICRK,0.9983,0.7751,0.0046,0.9372,1,Bad
RECKTKESNIKGPCTRD,0.9987,0.3757,0.1780,0.9881,1,Bad
APAVATCATTLS,0.9981,0.9698,0.9142,0.9984,1,Bad
MGGIWKKILHAGKKYAKKYLANYAANQGAEWVNRGPPPKQ,0.9986,0.9300,0.6884,0.9475,1,Bad
VNGLLGNEEVGLEG,0.9981,0.0000,0.0012,0.9737,1,Bad
QRRWGGSSKPLWRPFNRPQCPRWP,0.9985,0.9584,0.0569,0.9960,1,Bad
SYWKEVKDRSEQEFGKSSCSYYEFMGGRCAYVLKEQAYQ,0.9973,0.0000,0.7275,0.0002,1,Bad
ATCDLLSGFGVGDSACAAHCIARRNRGGYCNSKRVCYCRN,0.9984,0.0000,0.8916,0.9789,1,Bad
ATCDLLSFQSKWVTPNHAACAAHCLLRGNRGGYCNSRKVCVCRN,0.9982,0.0021,0.9682,0.9308,1,Bad
GFGCPLNQGACHRHCQSISSSGGYCDGFLKTRCVCYR,0.9985,0.0309,0.0032,0.9999,1,Bad
RTCDLLSFQWAGIIASHSACAAHCIARGGRGGYCNGRAICVCRN,0.9952,0.0003,0.9987,0.1844,1,Bad
RRWFGR,0.9987,0.0977,0.0584,0.9947,1,Bad
INGPVLGLVGNALGGLIKKI,0.9988,0.0083,0.3952,0.9517,1,Bad
GKVCDFLNKISCKTYSVKTVNIYCTVTVMAQCGKRG,0.9969,0.0090,0.0023,0.0019,1,Bad
KRIVLRLAK,0.9988,0.6044,0.6980,0.7423,1,Bad
ATCDLLSGFGVGDSACAAHCLVRGNRGGYCNKKGVCVCHN,0.9983,0.0039,0.9622,0.9478,1,Bad
GWASTIQQKLADWAKSKGIALINIARQGPS,0.9902,0.0137,0.0402,0.2463,1,Bad
GFGSPLNQGACHRHCRSIRRRGGYCDGFLSTSCVCYR,0.9979,0.0993,0.2412,0.2983,1,Bad
ATCDLLSGFGVGDSACAAHCLLRGNRGGYCNSKRVCVCRN,0.9985,0.0006,0.8312,0.9280,1,Bad
ITSQLIKCAGLGTVADCSN,0.9983,0.0000,0.0258,0.9844,1,Bad
CRLLCRRNRLLCLTRH,0.9988,0.6772,0.0012,0.9990,1,Bad
RRFRPSPPRLPRPRPRPSPWFPPRIP,0.9986,0.4887,0.0002,0.9974,1,Bad
KWKIFKKLERAQRIVKDAGIQGLGVAQQGANVLATIRGGPAIPPGQG,0.9982,0.9869,0.0158,0.5358,1,Bad
RIGPWSGAIIKTSRPGGWRSIDYHTKCFKRSECHSDYPK,0.9984,0.0080,0.0285,1.0000,1,Bad
RWKIFKKIEKMGGSRSYCNRRTGKCQRM,0.9985,0.0017,0.9407,0.8410,1,Bad
GFGCNGPWNEDDLRCKNKCKSIKGYKGGYCAKGGFVCKCY,0.9985,0.0000,0.9979,0.9987,1,Bad
VVWIADQF,0.9986,0.0000,0.0004,0.9998,1,Bad
RRWFRRWFRRFWFRRR,0.9989,0.0009,0.4407,0.9828,1,Bad
GFGCPFNQGQCHSHCQSIRRRGGYCDGFLKTRCVSYR,0.9987,0.0328,0.9983,0.9765,1,Bad
KLPIGGRLRRKMGQIAKQIL,0.9986,0.1242,0.9783,0.9912,1,Bad
LVPFVASVAAEMQHVYCAASKRC,0.9983,0.5700,0.9290,0.8099,1,Bad
RRIRPRPPRLPRPSPR,0.9986,0.0294,0.0010,0.8907,1,Bad
GSKKPVPIIYCNRRATGKCQRM,0.9986,0.8879,0.8017,0.9985,1,Bad
KKIGQKIKNFFQKP,0.9989,0.0178,0.0172,0.9219,1,Bad
RRIRPRPPRLPRPAPR,0.9987,0.2033,0.0010,0.9599,1,Bad
RWKIFKKIEKMGGSRSYPVPIIYCNRRTGKCQRM,0.9981,0.0718,0.9833,0.7193,1,Bad
RRIRPRPPRAPRPRPR,0.9988,0.9861,0.0065,0.5590,1,Bad
RPKPHRPRPRPRPWFPPRFIPRFPIPRIIYR,0.9987,0.1390,0.0000,0.9887,1,Bad
KKIGQKYKNFFQKL,0.9988,0.2165,0.0025,0.8428,1,Bad
SKKKKVKPVKKAKKAIKEGIKKGAKKAI,0.9988,0.9754,0.0001,0.9962,1,Bad
ITSPCLPTCKTGDIQGSFNAFVC,0.9986,0.0000,0.0516,0.8778,1,Bad
GFGCPLNQGQCHKHCQSIRRRGGYCDGSSSTLCCSSYV,0.9985,0.6794,0.9910,1.0000,1,Bad
GFGCNGPWSEDDLKCHRHCKSIKGYKGGYCAKGGFVCKCY,0.9985,0.0000,0.9987,0.9481,1,Bad
DKHGQKIKNFFQKL,0.9988,0.1589,0.0001,0.9561,1,Bad
KKIAQKIKNFFQKP,0.9989,0.1587,0.1466,0.9056,1,Bad
RRIRPRPPRLPRPRPW,0.9988,0.0378,0.5250,0.8335,1,Bad
KKIGQKIKNFFPKL,0.9989,0.0087,0.0925,0.5490,1,Bad
FIRRLAARIRRFLR,0.9989,0.2134,0.9690,0.9111,1,Bad
GFGCPFNQGACHRHCRSIRRRGGYCSGIIKQTCTCYHN,0.9987,0.6212,0.6812,0.9865,1,Bad
FKRLKKFFKKLKNSKKKRRKKKFKKRAKEFIKKGPMKF,0.9986,0.9926,0.2205,0.9805,1,Bad
GTGPSSKPWNEDRREHNTGYGYLRRYALRRAWCLRCTYTLNCRRI,0.9969,0.4387,0.9911,0.0005,1,Bad
AAGCSIFNGAQCHSRSLSKRRGRKAGYCVGFLKRTCICTRN,0.9979,0.0001,0.9733,0.3179,1,Bad
KKAGLAYTKVYPK,0.9987,0.1262,0.0002,0.8322,1,Bad
CVSGTISGSL,0.9986,0.2418,0.0015,0.9952,1,Bad
VVDILVKGGLKKL,0.9987,0.0203,0.2229,0.5350,1,Bad
GWWRRTVAKKR,0.9985,0.1165,0.0000,0.8932,1,Bad
RPKPPRPRPRPRPWFPPRFP,0.9986,0.0050,0.0001,0.9939,1,Bad
CRGGWWRRQRG,0.9987,0.9259,0.0057,0.6166,1,Bad
GFGCNGPWSEDDLRCHNHCKSIKGYRGGYCAKGGFVCKCY,0.9984,0.0000,0.9976,0.9987,1,Bad
KYYGNGVTCGKHSCSVDWGPATTQGINGAANLWTTGANHGTHPC,0.9969,0.0000,0.9952,0.4207,1,Bad
DDLYLGNPQICDAVGCGLGKVAMVGAVGPATAFLA,0.9889,0.0002,0.0082,0.0184,1,Bad
GFGCPWDEDDMQCHNHCKSIKGYKGGYCGKNGFVCKCY,0.9985,0.0000,0.9974,0.9598,1,Bad
KKKGQKIKNFTQKL,0.9987,0.6623,0.0065,0.9943,1,Bad
QKKCPNRCCCNKCTGPGG,0.9988,0.9900,0.9179,0.6522,1,Bad
GLSCPSSAYIICIMEAAKY,0.9983,0.6372,0.0465,0.9977,1,Bad
VSKKSGGKSPSSFGP,0.9986,0.1477,0.0065,0.9695,1,Bad
KKIGQKIKNFFWKL,0.9989,0.0369,0.0575,0.7217,1,Bad
VDKVDYLICVPKKCLERANVGDAVTNAANVVSSAAHAHGKHGGKC,0.9986,0.0054,0.0294,0.9999,1,Bad
RRIRPAPPRLPRPRPR,0.9987,0.8534,0.0064,0.9232,1,Bad
MRTIMDWIKTSYNKNKMACTTIDLGACAKDRLKITGKMLQDHDFRND,0.1468,0.0000,0.0000,0.4964,1,Bad
NALRGAIKIRGKCNMKQKRCALLRKFHAAKDDRQRSWRQS,0.9974,0.9104,0.0011,0.2309,1,Bad
TTSFSLCTPGCVTGILS,0.9969,0.0011,0.9460,0.0002,1,Bad
ENQPHVLTLIRHGTCGVRLSGLPLSGLIKSGKAP,0.9927,0.0122,0.0073,0.0157,1,Bad
GRSQAQKQGAWATSGIDAGQAISIIRGIGTIALAAATL,0.9972,0.0448,0.5678,0.0375,1,Bad
WYYGNGVSCHKHGCSVDWGKAIGIIGNNSAANLATGGAAGWKKNS,0.9981,0.0003,0.2467,0.9361,1,Bad
LLGDIFRGSKIRRSGLTVKYRCTGTNAFLGALGGSLGLGDIDYH,0.9933,0.4340,0.0000,0.0023,1,Bad
ITSFSLCTPGCKTGALMTCFLQTATCGCHISK,0.9971,0.0010,0.9978,0.0002,1,Bad
GFGCPWDEDDMQCHNHCKSIKGYKGGYCAKAGFVCKCY,0.9984,0.0000,0.9989,0.9964,1,Bad
GFGCNGPWSEDDIQCHNHCKSIKGYKGGYCAKGGFVCKCY,0.9985,0.0000,0.9971,0.9983,1,Bad
SQSDYYKNTQQCYELEEEKYIGYQKIDTIKGVSIKGISAVSSLLSGKSFC,0.9954,0.0007,0.0002,0.3681,1,Bad
KYYGNGVSCNKSGCSVDWGKAISGIASGNAAGWKS,0.9983,0.0087,0.0119,0.8415,1,Bad
GLLGLLGSVAKHVLPHVVPVIAEHL,0.9980,0.0000,0.4573,0.1638,1,Bad
CSTNTFSLSSKWGNPNIVRQTCETNKNFQCFDCHNLP,0.9975,0.0079,0.0124,0.0016,1,Bad
MTGSIGSVSRAITLKPKKNCKARQNYLCVLSPCKC,0.9883,0.2644,0.4194,0.4234,1,Bad
VTIDDLVREAKGVLANHSLCLAHCLALGKSGGSCQRGVCVCRN,0.9979,0.0003,0.9852,0.0053,1,Bad
CNIDGPDE,0.9985,0.0000,0.0000,0.9883,1,Bad
RRIRPRPPRLARPRPR,0.9987,0.9945,0.0227,0.9885,1,Bad
KKIGQKIKNFWQKL,0.9989,0.3130,0.0978,0.9320,1,Bad
GSKKPVPIIYCNRRATGKCQRI,0.9986,0.9795,0.9604,0.9984,1,Bad
GFGCPLNQYQCHSHCQSIRRRGGYCDGFLSTSCVCYR,0.9986,0.7227,0.8993,0.8350,1,Bad
ITSKSLCTPGCKTGAIGGSASACSSCNCKVSCG,0.9984,0.4257,0.9439,0.9164,1,Bad
ETPATPVCINGNTCCSVSICRAACLARGAKQSGANCCIISASKCVPNYD,0.9985,0.0000,0.0022,0.9520,1,Bad
GSKKPVPIIYCNRRSGKCQRM,0.9986,0.9239,0.3932,0.9992,1,Bad
GFGCNGPWNEDDIKCHNHCKSIKGYKGGYCAKGGFVCKCY,0.9986,0.0000,0.9984,0.9953,1,Bad
RYARPRPPHLPRPRPRPWFPPRFP,0.9986,0.8597,0.0001,0.9981,1,Bad
GSKPVPIIYCNRKTGKCQRM,0.9986,0.9874,0.5881,0.9995,1,Bad
GFKKPVPIIYCNRRSAKCQRM,0.9985,0.0609,0.6795,0.9993,1,Bad
VDKPPYLPRPRPPRR,0.9983,0.6300,0.1329,0.8960,1,Bad
WKIGQKIKNFFQKL,0.9988,0.0350,0.0201,0.9780,1,Bad
GNNRPYYIPDPRPPHPRL,0.9983,0.9730,0.0013,0.9999,1,Bad
SLGFVNCNFKGFLRIIRSTANCNAVELRQNGAKRAPYGR,0.9912,0.0072,0.0075,0.2286,1,Bad
ATCDLLSGFGVGDSACAAHCLLRGNRGGWCDGRAVCNCRK,0.9983,0.0001,0.9987,0.7960,1,Bad
WYYDKDEDD,0.9986,0.0000,0.0000,0.9791,1,Bad
IFGQKIKSTAKKFA,0.9988,0.0187,0.0015,0.9956,1,Bad
GNGVVTTISHECNMNSWSFQFFCCC,0.9980,0.0000,0.9071,0.9956,1,Bad
RRCVTRSSSSVWEWVNTLTSTICTGQVHHFGIMRDPRPR,0.9885,0.1247,0.0000,0.0588,1,Bad
MKIKFIRLLYKKIIQKGYQIIKQGINKGQVIDIIKNFAK,0.9972,0.9975,0.9701,0.0131,1,Bad
GFGCPFNQGQCHSHCQSIRRRGGYCDGFLSTSCVCYR,0.9987,0.0668,0.9884,0.8475,1,Bad
DVTCQLWDVIIICTVTSECRRVCNCAKCLRCGKRS,0.9984,0.1701,0.0034,0.5552,1,Bad
MNGMNKKGAKKLKKK,0.9959,0.6621,0.0830,0.0391,1,Bad
ITSISLCTAGCITGVIMTCNPKTATCGCSVHVSK,0.9985,0.0010,0.9025,0.5973,1,Bad
GFGCPFNQGACHKHCQSIRRRGGYCDGFLKTSCVCYR,0.9985,0.1063,0.9761,0.9665,1,Bad
GFGCPFNQGQCHSHCQSISSSGGYCDGFLKTRCVCYR,0.9987,0.0056,0.4153,0.9999,1,Bad
ATKDLLSGTGVKHSACAAHCLLRGNRGGYCNSKRVCVCRR,0.9985,0.3087,0.8474,0.9941,1,Bad
GGGVILTPLEYYNASKFIFGAKQTHITCSLTGASC,0.9687,0.0006,0.7964,0.3608,1,Bad
KKIGQKINNFFQKL,0.9989,0.1059,0.0066,0.7410,1,Bad
KKIGQKIKNFEQKL,0.9988,0.0092,0.0507,0.9779,1,Bad
GKIRPRPPRLPRPRPR,0.9986,0.9973,0.0260,0.9212,1,Bad
WRIRPRPSRLPRPRPRPWPRPWFPPRFPPRFP,0.9987,0.9941,0.0000,1.0000,1,Bad
GRPRPRPHKPRPRPRL,0.9986,0.9598,0.0005,0.8511,1,Bad
KSKEGRIGDEFRRSV,0.9985,0.9604,0.8153,0.9688,1,Bad
VDWKPYRPRPRPPRL,0.9987,0.4604,0.0161,0.9476,1,Bad
KKIGQKIKNFFQHH,0.9988,0.1545,0.0748,0.9222,1,Bad
KKIGNKIKNFFQKL,0.9989,0.0214,0.0115,0.7850,1,Bad
PDKPDKPRPRPRPPRPPRL,0.9985,0.0271,0.0145,0.8820,1,Bad
RRIRPRAPRLPRPRPR,0.9987,0.9977,0.0032,0.9071,1,Bad
SRIRPRPPRLPRPRPR,0.9987,0.9856,0.0017,0.7806,1,Bad
KKIGQKIKNFFQYL,0.9988,0.0739,0.0058,0.7369,1,Bad
GFGCNGPWSEDDLRCHRHCKSIKGYRGGYCAKGGFVCKCY,0.9984,0.0000,0.9984,0.9931,1,Bad
VCSCRLVFCRRTELRVGNCLIGGVSFTYCCTRV,0.9967,0.0018,0.0087,0.2218,1,Bad
VDKPDYRPRPRPPRNM,0.9984,0.0822,0.0003,0.9922,1,Bad
GKIGQKIKNFFQKL,0.9989,0.0349,0.0040,0.7330,1,Bad
KKIGQKIKNIFQKL,0.9989,0.0779,0.0091,0.7120,1,Bad
VCSCRLVFCRRTELRVGNCLIGGVSFTYCCTRV,0.9967,0.0018,0.0087,0.2218,1,Bad
KKIGQKIKNFFQSP,0.9988,0.0313,0.0929,0.9558,1,Bad
SIISKISSSLL,0.9986,0.0063,0.0283,0.5844,1,Bad
GFGCPFNQGACHKHCQSIRRRGGYCDGFLKTRCVCYR,0.9985,0.1681,0.9437,0.9794,1,Bad
GFGCPFNQGACHKHCQSIRRRGGYCSGIIKQTCTCYRN,0.9988,0.7758,0.9963,0.9748,1,Bad
GIGCPFNQGQCHKHCQSISSSGGYCDGFLKTSCVCYS,0.9987,0.0193,0.1045,0.9933,1,Bad
GFGCNGPWMEDDAGCHNHCKSIKGYKGGYCAKGGFVCKCY,0.9983,0.0000,0.9984,0.9986,1,Bad
VVCDLLSFEKKGVATNHSACAAHCLALGHKGGRCRGTICNCRRK,0.9984,0.0002,0.9882,0.9988,1,Bad
VPLLALAALATVSAKS,0.9983,0.0009,0.0362,0.7684,1,Bad
GNNRPIYIPQPRPPHPRL,0.9983,0.9973,0.0021,0.9998,1,Bad
GLKKKLGKKLENSAKKRSEKALIAVGRAANVLTRGR,0.9985,0.9099,0.5721,0.6609,1,Bad
KKIGQKIKNDFQKL,0.9988,0.0578,0.0000,0.9841,1,Bad
RRIVKRIKKFFRPSKKAKGRAQVKDFKRQMLLAQ,0.9985,0.9576,0.2093,0.6390,1,Bad
KKIGQKCKNFFQKL,0.9989,0.1252,0.0013,0.9865,1,Bad
GSVFKCIRRSQMKKS,0.9985,0.2346,0.2386,0.9986,1,Bad
RRIRPRPPRLERPWPR,0.9987,0.1322,0.0461,0.8606,1,Bad
RRIRPRPPRLPRSRPR,0.9986,0.9640,0.0047,0.8216,1,Bad
RPIRPRPPRLPRPRPR,0.9987,0.9918,0.0212,0.9502,1,Bad
RVQRPGRPRKGRPWPRPRPR,0.9985,0.9817,0.0105,0.9962,1,Bad
IRIRRRIIRIIRIA,0.9989,0.0901,0.2118,0.9821,1,Bad
IRIRRRFPRLRRRRWR,0.9988,0.9956,0.4255,0.9200,1,Bad
RRIRPRPPRAPRPRPR,0.9988,0.9861,0.0065,0.5590,1,Bad
GIINTVQKYYCRVRGGRSAVLSSLPVTCLPKETQEGQIGNNLSNRLACR,0.9966,0.0021,0.0001,0.4478,1,Bad
GSKKPVPIIYCNRRAGKCQRM,0.9985,0.9815,0.7391,0.9998,1,Bad
RRIRPRPPRLPAPRPR,0.9987,0.9467,0.0014,0.9273,1,Bad
VDKPDYRPRPRPPRRI,0.9985,0.1567,0.3647,0.9902,1,Bad
GSVWRRRWPRRPRTRS,0.9987,0.0141,0.1984,0.9608,1,Bad
RRIRPAPPRSASPRPRPRPRPAPRPW,0.9986,0.0005,0.0821,0.9951,1,Bad
GFGKKPVPIIYCNRRTGKCQRM,0.9985,0.9921,0.5154,0.9964,1,Bad
VDKPPYLPRPRPPRRNM,0.9984,0.7581,0.1876,0.9971,1,Bad
KKIGQKIKNFFQHL,0.9989,0.0992,0.0254,0.9568,1,Bad
THLGRLLRGGRGGLGTRGGSIRHGIIDHHDMDINVELPQGKK,0.9984,0.0000,0.0064,0.8644,1,Bad
GVVDILKGAAKQLLAHALSKISEKV,0.9987,0.0400,0.2047,0.6768,1,Bad
GFGCPFNQGQCHSHCQSIRRRGGYCDGFLKTRCVCYR,0.9986,0.1050,0.9925,0.9702,1,Bad
CLGWGGMGNAISGTATQTPCAWNVCQRS,0.9951,0.0015,0.9524,0.1912,1,Bad
VTCFCRRALCLLRERAAGNCLIGGVSFTYCCTSR,0.9952,0.0006,0.1437,0.0315,1,Bad
VLLLVATSISLKLL,0.9987,0.0166,0.4997,0.6795,1,Bad
KKIGQKSKNFFQKL,0.9988,0.0659,0.0028,0.9997,1,Bad
KKIGQKIKNFFQKW,0.9988,0.1005,0.0167,0.7773,1,Bad
GSRPRPRPPRLPRPRPR,0.9986,0.9816,0.0184,0.9474,1,Bad
GNNRPVYIPRPRPPHPRT,0.9984,0.8634,0.0247,0.9980,1,Bad
RPKIFKKIEKMGGSRSYCNRRTGKCQRM,0.9985,0.0031,0.8992,0.9971,1,Bad
GSHVKIERAHSTHRRRGWKKPR,0.9982,0.5598,0.0484,0.8382,1,Bad
RRWWPWWRR,0.9988,0.9949,0.7980,0.9476,1,Bad
CSTPTKTWSKVL,0.9986,0.0047,0.1257,0.9984,1,Bad
WYVRKSIRWDNIEEKQRS,0.9985,0.1297,0.0001,0.9260,1,Bad
GSKPVPIIYCNRRTGKCQRM,0.9987,0.9902,0.4246,0.9996,1,Bad
RFIRPRPPRLPRPRPR,0.9985,0.9964,0.0087,0.9916,1,Bad
KKIGQKYKNFFQKL,0.9988,0.2165,0.0025,0.8428,1,Bad
KKIGQKIKNFWQKL,0.9989,0.3130,0.0978,0.9320,1,Bad
GKKPLNIIQAAPASKKLGK,0.9983,0.0166,0.0081,0.8705,1,Bad
KKIGQKIKNFQKW,0.9988,0.0677,0.0200,0.8148,1,Bad
GKLRKLLKKLGESVGKAATKAALNVLTSARQ,0.9987,0.4730,0.2007,0.6655,1,Bad
GNNRPVYIPQPRPPHPRL,0.9981,0.9953,0.0114,0.9997,1,Bad
GGHPAEPPIIRCNRIYGICRR,0.9987,0.6331,0.9454,0.9894,1,Bad
KKICQKLKNFFQKL,0.9989,0.6548,0.0125,0.9570,1,Bad
PHKIKLAKSS,0.9986,0.0312,0.0022,0.9803,1,Bad
RRIRPRPPRLPRSRPR,0.9986,0.9640,0.0047,0.8216,1,Bad
RGIRPAPPRLSRPRPR,0.9983,0.0810,0.0850,0.9664,1,Bad
RRIRPRWRRAPRPRPR,0.9988,0.9927,0.0402,0.9590,1,Bad
GLVTGKLEEALKKAIEILK,0.9987,0.1115,0.7834,0.7634,1,Bad
QCKSCASRPSFSTPGICALTGIKTQVVATC,0.9965,0.0012,0.2471,0.0004,1,Bad
KFIRPRPPRLPRPRPR,0.9986,0.9966,0.0077,0.9879,1,Bad
RRIRPRPPRLERPRPR,0.9985,0.9387,0.1311,0.7646,1,Bad
GFFRKLRKKIKKGFKKIFKRLKPLLKSPARPG,0.9988,0.9631,0.2555,0.8964,1,Bad
KKIGQKIKNFFQPL,0.9989,0.0426,0.0066,0.9962,1,Bad
KNIGQKIKNFFQKS,0.9988,0.0694,0.0220,0.9639,1,Bad
RRLRPRPPRLPRPRPR,0.9985,0.9878,0.0454,0.9819,1,Bad
KKIGQKSKNFFQKL,0.9988,0.0659,0.0028,0.9997,1,Bad
GWLKKIGKKIERVGQHTRDATIQAIGVAQQAANVAATARG,0.9988,0.9977,0.0000,0.8427,1,Bad
RPRPRPRPRPRPRPWFPPRFPIPRP,0.9987,0.3131,0.0002,0.9997,1,Bad
QNRLRTVAIR,0.9988,0.0911,0.0014,0.9994,1,Bad
AKVFPKITKKVTGKRAKLKKKNKAVSPSYN,0.9970,0.8452,0.0366,0.4786,1,Bad
SFSSSSPWIARYRGKMRR,0.9985,0.4670,0.1855,0.9997,1,Bad
RRIRPRPWRLPRPRPR,0.9988,0.9974,0.0179,0.9953,1,Bad
RVRRPRPPSFPRPRPRPRPRPGPRPIPRPL,0.9983,0.8172,0.0017,0.9982,1,Bad
KKIGQQIKNFFQKL,0.9989,0.0952,0.0004,0.7847,1,Bad
KKIGQKIKNSFQKL,0.9989,0.0912,0.0000,0.9824,1,Bad
HRDKKLLDKVKVIIQKLKEAIQNK,0.9989,0.5841,0.0002,0.8984,1,Bad
QRKIRVRLSA,0.9986,0.7091,0.0000,0.9930,1,Bad
GVFKDDLKSILKKNVSQIANPK,0.9974,0.0092,0.0159,0.0350,1,Bad
RPRHPRPRPRPRPWFPPRFP,0.9987,0.0032,0.0004,0.9933,1,Bad
KKIGQKIKNFFHQL,0.9988,0.1101,0.3055,0.9021,1,Bad
KKIGQKIKNEFQKL,0.9989,0.2195,0.0005,0.9734,1,Bad
RPPRLRRPRPWFPPRFP,0.9986,0.1000,0.0001,0.9995,1,Bad
RSLFKKIEKMGGSVKKPVKRPVPVVLPLPLSPGGGKK,0.9970,0.5834,0.0291,0.1612,1,Bad
RPRPRPWFPRPRPWFPPRFP,0.9988,0.0236,0.0007,0.9994,1,Bad
AVFPIRYCASSIKQVVPKVAKEKAAYQKGLEKTGKASK,0.9955,0.2376,0.0165,0.0859,1,Bad
RRIRPRPPRLPRPEPR,0.9984,0.0562,0.0028,0.7682,1,Bad
GIFKKLRRKIKKGFKKIFKKPSVIGVSIPF,0.9989,0.6805,0.9964,0.7644,1,Bad
GGGGGHGGHGGHGGHGGHGGGGGHG,0.9987,0.2543,0.0034,0.9990,1,Bad
RRLRPRPPRLPRPRPR,0.9985,0.9878,0.0454,0.9819,1,Bad
RRIRPRPPRLPAPRPR,0.9987,0.9467,0.0014,0.9273,1,Bad
GLEETIYHVQRILDYFKNLASLQNLLLDLPVTLPKLT,0.9960,0.1051,0.0073,0.3745,1,Bad
RPKRRRRQRRRQRMRVSR,0.9987,0.0117,0.1958,0.9636,1,Bad
GFKCWIAKPVKKACRRYYAKLLVGLKLQRIIETFTKKS,0.9972,0.9406,0.9237,0.1169,1,Bad
RRIRPRPPRLPRPSPR,0.9986,0.0294,0.0010,0.8907,1,Bad
MTPLWRIPQGRYEAQEYEKNLEMNRYYYANLLLRQYLVNYHARGKR,0.4419,0.8673,0.8657,0.0011,1,Bad
KKIGQKIKKFFEKL,0.9989,0.0175,0.0598,0.8162,1,Bad
KKIGQKIKNFFQHL,0.9989,0.0992,0.0254,0.9568,1,Bad
GNNRPIYIPCPRPPHPRI,0.9987,0.9955,0.0058,0.9990,1,Bad
GLKKKPVPIIYCNRRATKCKRM,0.9986,0.2688,0.2470,0.9986,1,Bad
RRIRPRPPRLPRARPR,0.9987,0.9921,0.0025,0.8995,1,Bad
GSKRPVPIIYCNRRKGKCQRM,0.9986,0.9918,0.3846,0.9992,1,Bad
KKIGQKIPNFFQKL,0.9988,0.1484,0.0013,0.9685,1,Bad
KKIGQKIYNFFQKS,0.9987,0.0646,0.0276,0.7027,1,Bad
KGRLLCKRKKGLFCAKQQV,0.9988,0.9701,0.0058,0.7300,1,Bad
GSKPVPIIACNRRTGKCQSIP,0.9985,0.9870,0.9790,0.9909,1,Bad
RGIRPRPPRLPRPRPA,0.9983,0.1081,0.2055,0.9967,1,Bad
CSCDSLCSYDCTLRGLCRYG,0.9984,0.0112,0.0092,0.9985,1,Bad
IPWKLPDWPWRR,0.9986,0.0066,0.0335,0.8285,1,Bad
GNNRPVYIPQPRPPHPRL,0.9981,0.9953,0.0114,0.9997,1,Bad
RRIRPRLPRLPRPRPR,0.9988,0.9957,0.0073,0.9340,1,Bad
GSKRPVPIIYCNRRTGKCQRM,0.9985,0.9949,0.4755,0.9997,1,Bad
RFRPPIRRPPIRPPFYPPFRP,0.9988,0.9617,0.0006,0.9132,1,Bad
SSDVKKVAGIIRRINHINHVIGAARTGLSLAADVVSGLKS,0.9976,0.7801,0.0256,0.0065,1,Bad
GFCDVLSGLAKIVGRLALGAVTDLVTQKKCC,0.9941,0.8261,0.0036,0.0052,1,Bad
PRPIRPPRLPRPRPR,0.9987,0.8856,0.0208,0.9962,1,Bad
RFIRPRPPRLPRPSPR,0.9984,0.0529,0.0017,0.9812,1,Bad
GFVPIIYRPKPCHERM,0.9985,0.3303,0.0003,0.9997,1,Bad
RARRPRRKAIQT,0.9987,0.0001,0.2136,0.9629,1,Bad
CSGASIYPKFSDDGSRSRYEAIAKSTGGKARKGSRKLNKTKTFKKRS,0.9969,0.0018,0.0004,0.0086,1,Bad
GFGCPFNQGQCHSHCQSIRRRGGYCDGRLKTRCVCYR,0.9987,0.5178,0.9898,0.9977,1,Bad
QYHVVNCNSNSCWGVKAKCKVVSGALTAGISSGVASGASGTAFTRK,0.9984,0.0406,0.2599,0.6114,1,Bad
GFGCPWDEMQCHNHCKSIKGYKGGYCAKGGFVCKCY,0.9986,0.1069,0.9929,0.7748,1,Bad
KRIAQRIKAFLR,0.9989,0.9963,0.5250,0.5717,1,Bad
KLPLGLKKLLKKL,0.9989,0.1852,0.0463,0.7026,1,Bad
FFSLIPSIAAGLASAFK,0.9973,0.2160,0.2928,0.0000,1,Bad
GFKCNFNQGKCHRHCRSIRRRGGYCSGLIKQTCTCYRN,0.9988,0.6020,0.9584,0.9948,1,Bad
LSKKCVCVCRNGVCYRRCR,0.9988,0.9785,0.2175,0.5054,1,Bad
SLWSYMKGPVAETKLIGKTKVAPYQ,0.9953,0.4647,0.0315,0.0085,1,Bad
KNNRPVPDPIICRRQPGPR,0.9984,0.0132,0.0004,0.9864,1,Bad
KKLTKKVKNLAKVGIAVLAALGQAANAKTKPKSS,0.9986,0.9243,0.0002,0.5933,1,Bad
LVDLLVKYTRK,0.9987,0.1661,0.0510,0.5340,1,Bad
TPWRRWIFGRGARALYLDNRVAASVLSSTAGK,0.8480,0.0015,0.8608,0.0578,1,Bad
ILGPVLGLVGNALGGLIKNE,0.9988,0.0000,0.5037,0.8221,1,Bad
RWKIFKKIEKMGGSRSKKPGPRSYCNRRTGKCQRM,0.9984,0.4376,0.6484,0.9997,1,Bad
PKKKKPKKKKKAAKAAAK,0.9988,0.5752,0.0047,0.9893,1,Bad
GNPVKELEKAVGKVLKEVSAFAKHFEKT,0.9983,0.0000,0.0037,0.9619,1,Bad
YGGGLGRPKPKPCSVDWGARKRQRYQIAGQCIFAS,0.9972,0.9971,0.0053,0.3810,1,Bad
SKSKSGPGGQKACQRHCRRREGSDSGVCISVGNTCKCYRN,0.9986,0.4580,0.9850,0.9962,1,Bad
LLGMIPTAIGAVSALADHF,0.9975,0.9870,0.7488,0.0353,1,Bad
GFGCPFNQGQCHSHCQSISSSGGYCDGFLKTRCVCYR,0.9987,0.0056,0.4153,0.9999,1,Bad
SLGVVKCIFAGICAAYCTLPTYQCGCSCIRRRGSRPPQGGG,0.9983,0.0308,0.0217,0.9980,1,Bad
KKNGFICTKLSQHRSIGKILLVGDSECKEEHRKSGDCSFGKKCSRRW,0.9985,0.0498,0.8765,0.9974,1,Bad
FFFKVKSGIFAGISTAVCTVTSCINNE,0.9967,0.1026,0.7909,0.0016,1,Bad
FLPLIGKVLSGLS,0.9986,0.6045,0.2429,0.8495,1,Bad
GFGCPLNQGACHRHCRSIRRRGGYCDSFLSTSCVCYR,0.9985,0.0629,0.4881,0.9889,1,Bad
GFGCNGPWYEDDLRCHNHCKSIKGYKGGYCAKGGFVCKCY,0.9984,0.0000,0.9989,0.9992,1,Bad
GFGCPFNQGQCHSHCQSIRRRGGYCDGSLKTSCVCYR,0.9985,0.0976,0.9900,0.9904,1,Bad
GFGCNGPWREDDGTCHNHCKSIKGYKGGYCAKGGFVCKCY,0.9984,0.0000,0.9977,0.9993,1,Bad
RRIRPRPPRSPRPRPR,0.9986,0.9950,0.0068,0.6039,1,Bad
ITSLSLCTPGCVTGLLMGCNMKTATCNCSVHVSK,0.9967,0.0001,0.9955,0.0550,1,Bad
KKIGQKIKNFPQKL,0.9988,0.0581,0.0259,0.7886,1,Bad
GIKPKKEIKI,0.9987,0.0000,0.0000,0.7240,1,Bad
DLLFKTLKGKAATVGKNVADQFGKLGARGY,0.9984,0.0686,0.9211,0.8923,1,Bad
GFGCPFNQGQCHSHCQSIRRRGGYCDGFLSTSCVCYR,0.9987,0.0668,0.9884,0.8475,1,Bad
GFGCPLNQGACHRHCRSIRRRGGYCAGFIKQTCTCYRN,0.9986,0.7407,0.0976,0.8245,1,Bad
GFGCPFNQGACHNHCRSIRRRGGYCDGTLKTRCVCYR,0.9985,0.0069,0.9986,0.9718,1,Bad
GFGCNGPWDEDDMACHNHCKSIKGYKGGYCAKGGFVCKCY,0.9985,0.0000,0.9970,0.9988,1,Bad
VTSISLCTPGCITGALMGCAMSTATCNCSC,0.9976,0.0721,0.9937,0.0013,1,Bad
KKIGQKIKNFFQKL,0.9989,0.0358,0.0053,0.7001,1,Bad
RRIRPRPPRLPRPRPR,0.9987,0.9969,0.0092,0.8842,1,Bad
RKIRPAPPRLPRPRPRPLPFPRPGPRPGPRPLPFPRPGPRPW,0.9983,0.9785,0.9382,0.9999,1,Bad
FRIRPSIRRSIYR,0.9987,0.2747,0.2062,0.9998,1,Bad
GEETDDRLKKKIQEQLGKNKSR,0.9984,0.0109,0.0038,0.9980,1,Bad
RRIAPRPPRLPRPRPR,0.9987,0.9956,0.0013,0.9806,1,Bad
GAFPRPRRPPRLPFPRS,0.9981,0.0108,0.0006,0.9463,1,Bad
GSKKPVPIIYCNRRTGKCQRM,0.9985,0.9977,0.5900,0.9995,1,Bad
KVFGRLVKVLSRLS,0.9986,0.7657,0.5800,0.7095,1,Bad
GFFGKALCKIKKSFKKIFKKTVILE,0.9988,0.8485,0.1212,0.5199,1,Bad
RRIRPRPIRLPRPRPR,0.9988,0.9940,0.0031,0.9554,1,Bad
MRPGGKTRGSGKAKAKAKARSSSPVQRAVSSIARALASMAGGPQGVLHHH,0.9979,0.8161,0.8601,0.0234,1,Bad
CKRWTKTEKRPLGCRLNLNFTCLCSNECVRAEPE,0.9980,0.0038,0.0063,0.9800,1,Bad
RRIRPRPWRLPRPRPR,0.9988,0.9974,0.0179,0.9953,1,Bad
DFDIIDDKPGNKTGLCTVIKGENGYVNVYVKNWVAG,0.9906,0.0094,0.0082,0.0097,1,Bad
GFGCNGPWREDDLQCHNHCKSIKGYKGGYCASAGFVCKCY,0.9984,0.0000,0.7522,0.9999,1,Bad
GFGCPFNQGACHRHCLSIGRRGGYCSGIIKQTCTCYHN,0.9987,0.5847,0.6629,0.9889,1,Bad
GFGCNGPWSEDDLQCHNHCKSIKGYKGGYCAKGGFVCKCY,0.9985,0.0000,0.9985,0.9986,1,Bad
GFGCNGPWSEDDLRCHRHCKSIKGYKGGYCAKGGFVCKCY,0.9985,0.0000,0.9981,0.9965,1,Bad
GFGCPWDEMQCHNHCKSIKGYKGGYCAKGGFVCKCY,0.9986,0.1069,0.9929,0.7748,1,Bad
RTAIATQLAALATRLWALAGAVASALTKALSKLSAVSSS,0.9977,0.0370,0.1511,0.0207,1,Bad
RHCESQSHRFKGPCTRDSNCENVCRTEGFPGGECVGNGRICLCTKRC,0.9984,0.0002,0.0006,0.9875,1,Bad
WNPFKELERAGQRVRDAVISAAAAAQIAATVAAAAR,0.9982,0.9297,0.7550,0.9443,1,Bad
GFGCNGPWSEDDLRCHRHCKSIKGYRGGYCAKGGFVCKCY,0.9984,0.0000,0.9984,0.9931,1,Bad
WNDIKKGFTIEE,0.9985,0.0086,0.0064,0.9996,1,Bad
GFGCNGPWSEDDLRCHNHCKSIKGYRGGYCAKGGFVCKCY,0.9984,0.0000,0.9976,0.9987,1,Bad
ATCDLLSGTGVKHSACAAHCLLRGNRGGYCSNRKVCNNRN,0.9986,0.0193,0.9792,0.9995,1,Bad
GFGCPFNQGACHRHCKSISRRGGYCSGIIKQSCTRHYGTCYQK,0.9986,0.0002,0.9887,0.9995,1,Bad
WNDTDD,0.9986,0.0000,0.1365,0.9973,1,Bad
GFGCPFNQGACHKHCRSIRRRGGYCSGIIKQTCTCYRN,0.9988,0.7961,0.9951,0.9246,1,Bad
ATCDLLSGFGVGDSACAAHCIARGNRGGYCNGRAVCVCRN,0.9980,0.0000,0.9067,0.1165,1,Bad
ATCDLLSFEAKGFAKNHSACAAHCLLRGKTGGRCNSDRVCVCRR,0.9983,0.0076,0.9892,0.9938,1,Bad
LTVYVWLLKIGISLTNSAKEIVA,0.9969,0.0518,0.1477,0.0374,1,Bad
ATCDLLSGTGIHHSACAAHCLLRGNRRGYCNGRAICNCRN,0.9966,0.1416,0.9999,0.5593,1,Bad
ATCDLLSGFGVGDSACAAHCIAKRYRGGYCSGKAICVCRN,0.9984,0.0001,0.9987,0.8795,1,Bad
NDLGKILSVAA,0.9979,0.1397,0.2354,0.2527,1,Bad
EKRQLMRLVRQECLQQQQFG,0.9982,0.2721,0.0058,0.9999,1,Bad
WLTVDAIQ,0.9985,0.0000,0.0115,1.0000,1,Bad
FLSVIPSAISAVSALAKHF,0.9986,0.0674,0.9844,0.9098,1,Bad
GFGCNGPWNEDDLRCKNHCKSIKGYKGGYCAKGGFVCKCY,0.9985,0.0000,0.9980,0.9992,1,Bad
LIFRRFRRLRRRRRRI,0.9989,0.9384,0.2149,0.9962,1,Bad
GFGCNGPWSEDDLRCHNHCKSIKGYKGGYCAKGGFVCKCY,0.9985,0.0000,0.9968,0.9995,1,Bad
DFLRNIRGGFIDHGNNPKNMQQMGYGL,0.9970,0.0019,0.0006,0.4326,1,Bad
GFGCPFNQGACHKHCQSIRRRGGYCDGFLKTRCVCYR,0.9985,0.1681,0.9437,0.9794,1,Bad
GFGCPFNQGQCHKHCQSIRRRGGYCDGSLKTRCVCYR,0.9986,0.3139,0.9945,0.9918,1,Bad
EPNPNEFKGLLDKV,0.9982,0.0006,0.1361,0.7683,1,Bad
YRLRLRRPRLPRPRLPR,0.9987,0.9977,0.7563,0.9971,1,Bad
KYYGNGVRCTKSGCSVDWGKATSSIGRNAVANWATGGAAGWKS,0.9983,0.0039,0.8371,0.5911,1,Bad
GFGCNGPWNEDDGRCHNHCKSIKGYKGGYCAKGGFVCKCY,0.9985,0.0000,0.9972,0.9999,1,Bad
LVPFKLSHL,0.9984,0.7833,0.5931,0.7860,1,Bad
GFGCPFNQGACHRHCRSIRRRGGYCAGFFKQTCTCYHN,0.9987,0.1102,0.2971,0.9575,1,Bad
GFGCPNDYQCHSHCQSIRRRGGYCDGFLKTRCVCYR,0.9986,0.9017,0.0079,0.9172,1,Bad
GFGCPFNQGACHRHCRSIRRRGGYCSGIIKQTCTCYRN,0.9987,0.7310,0.9958,0.9829,1,Bad
GFGCPNDYSCNNHCQSIGCRAGYCDSVRLTCTCSGDAGQSRNG,0.9985,0.0001,0.9962,1.0000,1,Bad
GFGCPFNQGQCHSHCQSISSSGGYCDGFLSTSCVCYR,0.9986,0.0019,0.2441,0.9997,1,Bad
SLGVVTCLLSSAFKGFCAVTCYCE,0.9980,0.0005,0.3680,0.0162,1,Bad
GFGCPFNQGQCHSHCQSIRRRGGYCDGFLKTRCVCYR,0.9986,0.1050,0.9925,0.9702,1,Bad
GFGCPFNQGQCHSHCQSIGRRGGYCDGFLKTRCVCYR,0.9986,0.0175,0.9826,0.9921,1,Bad
GFGCPFNQGACHKHCQSIRRRGGYCSGIIKQTCTCYRN,0.9988,0.7758,0.9963,0.9748,1,Bad
GTGPAVSSPIICTKLSFTATIDTGCGAK,0.9919,0.2895,0.0172,0.0043,1,Bad
ILGPILGLVGNALGGLLKKI,0.9988,0.9108,0.7107,0.5186,1,Bad
DFQLAGILGRLCTCPNNYECRTVRHATEGQQKGCRMANSCTVCRAG,0.9982,0.0289,0.0001,0.9658,1,Bad
GFGCNGPWNEDDGKCHNHCKSIKGYKGGYCAKGGFVCKCY,0.9985,0.0000,0.9987,0.9982,1,Bad
GFGCNGPWSEDDIQCHNHCKSIKGYKGGYCAKGGFVCKCY,0.9985,0.0000,0.9971,0.9983,1,Bad
IAIALVAGFLAKFIPAATPSFFK,0.9974,0.0002,0.0701,0.0173,1,Bad
GFGCPLNQGQCHKHCQSISSSGGYCDGFLSTSCVCYS,0.9986,0.1987,0.0546,0.9996,1,Bad
WNDTGKDADGSLEVAKYGIKSVGNFAKS,0.9984,0.0314,0.0006,0.5380,1,Bad
SSLGTLGRVWGGLFTAGSYA,0.9932,0.0302,0.0101,0.0013,1,Bad
GFGCNGPWNEDDLRCHNHCKSIKGYKGGYCASAGFVCKCY,0.9983,0.0000,0.7794,0.9999,1,Bad
GFGCPFNQGQCHSHCQSISSSGGYCDGFLKTSCVCYR,0.9986,0.0012,0.5634,0.9997,1,Bad
GSGKRNIQTILRHNR,0.9985,0.5626,0.1213,0.8690,1,Bad
DSCCKTTLGLNIYNACRARGASRGACKIISGSTCPSDYPK,0.9983,0.0008,0.0014,0.9307,1,Bad
GLTSKIKEAGKEAAIAAGKAALGAL,0.9987,0.8790,0.1986,0.8258,1,Bad
ASRAAGLALLGLWLLL,0.9964,0.0262,0.1241,0.0067,1,Bad
PRPRSRPRPRPPHLPFPRRPIRP,0.9985,0.1674,0.0000,0.9351,1,Bad
CYWYADDMTCHFQQWQNNKVSPKQKSQ,0.9982,0.0026,0.1657,0.9051,1,Bad
GIGAILKAASKLWPSIVCSRKQ,0.9979,0.0002,0.3203,0.0063,1,Bad
MTPFWRGVSCRTNGNCIPPCRRCAVLSGASLGSGYCRKGFCYHDPN,0.9985,0.0000,0.0004,0.9996,1,Bad
GSYQLAESFNIKLNT,0.9978,0.0022,0.0043,0.4841,1,Bad
GFGCNGPWSEDDLRCHRHCKSIKGYRGGYCAKGGFVCKCY,0.9984,0.0000,0.9984,0.9931,1,Bad
KSCCRNTTARNAYNTCRFGGGSRPGCAKLSGCKIISTTTCCSNYPK,0.9985,0.0000,0.0002,0.8654,1,Bad
MTPLWRIMFSPIGAYCDPNRYGKMYCG,0.9980,0.1169,0.8653,0.9006,1,Bad
RRIRPRPPRLPRPRPR,0.9987,0.9969,0.0092,0.8842,1,Bad
IPQSAIWSGIKL,0.9985,0.0627,0.0000,0.8071,1,Bad
GFGCPFNQGQCHSHCQSIRRRGGYCDGFLKTSCVCYR,0.9986,0.0408,0.9951,0.9555,1,Bad
ATCDLLSGVGVQHSACAAHCLLRGNRGGYCNRKGVCVCRN,0.9985,0.0820,0.9959,0.9175,1,Bad
KKIGQKIKNFFQKL,0.9989,0.0358,0.0053,0.7001,1,Bad
GKIPGRLSAIFRNSQQEKPDGKRMAKRNYDALGRRGASLGGAFRK,0.9941,0.9496,0.0005,0.0006,1,Bad
QNCPLVTNRLNNTFDTQAYTISSGKYFVNGYLVTNLKNATTTAA,0.9808,0.7479,0.0341,0.0672,1,Bad
GIGASLLNAGKSALKGLAKGFAEHF,0.9987,0.0479,0.5803,0.8766,1,Bad
FSPIIYCNRRTGKCQRM,0.9988,0.5040,0.0677,0.9828,1,Bad
GGPLVCGRRQCGRGIYTPIRCPGNMRTSQTTHGQKYR,0.9961,1.0000,0.0274,0.9968,1,Bad
GSCICVCARTLGRRICTLAG,0.9986,0.9918,0.9513,0.8160,1,Bad
GSKKPVPIIYCNRRATGKCQRM,0.9986,0.8879,0.8017,0.9985,1,Bad
FISQIISTARKL,0.9988,0.0126,0.0097,0.7018,1,Bad
GIINTLQKYYCRIRGGICRGVPIRLPGSCSKEQHIGTCRRGFLCCTRIH,0.9985,0.9794,0.4533,0.7482,1,Bad
ILGPVLGLVGNALGGLIKNI,0.9988,0.0001,0.4642,0.8121,1,Bad
GIGKLLHSAGKFGKAFVGEIMKS,0.9988,0.7955,0.0880,0.5734,1,Bad
KRFKKFFRKILKRRSKELLK,0.9989,0.6964,0.5023,0.6030,1,Bad
GSRPVYIYVPQPRPPHPRL,0.9981,0.9893,0.0093,0.9957,1,Bad
RRIRPRPPRLPSPRPR,0.9986,0.2315,0.0010,0.9110,1,Bad
FTEKLTWTDLGNFGTIIILVTFVSPTEQNPQKQ,0.9947,0.0000,0.0007,0.0122,1,Bad
ITSISLCTAGCVTGILMTCPLGSATCNCSIHVSK,0.9950,0.0005,0.9809,0.0311,1,Bad
GFGCPFNQGQCHSHCQSIRRRGGYCDGFLKTRCVCYS,0.9986,0.0316,0.9316,0.7503,1,Bad
GFGCPFNQGACHRHCRSIRRRGGYCAGFLKKTCTCYRN,0.9987,0.3767,0.6735,0.5255,1,Bad
VTCDLLSFEAKGFAANHSACAAHCLAKGVRGGYCSNGVCVCRN,0.9981,0.0001,0.9880,0.5265,1,Bad
WLRIGGGRGKKARKHKYVSKARQA,0.9986,0.9006,0.3872,0.5010,1,Bad
ATCDLLSGTGIKHSACAAHCLTLRRRGGRCRGRIICNCRK,0.9975,0.6752,0.9998,0.9969,1,Bad
GFGCNGPWSEDDLRCHRHCKSIKGYKGGYCAKGGFVCKCY,0.9985,0.0000,0.9981,0.9965,1,Bad
KKIGQKIKNFFQKL,0.9989,0.0358,0.0053,0.7001,1,Bad
IARRARIVRIARK,0.9989,0.2645,0.0377,0.9289,1,Bad
RRIRPRPPRLPRPRPR,0.9987,0.9969,0.0092,0.8842,1,Bad
GSEIRPPRPRPPRPS,0.9985,0.0002,0.0019,0.9876,1,Bad
VDKPDYRPRPRPPNM,0.9982,0.0235,0.0044,0.9913,1,Bad
AGKKWIRQRLKKKIQEGGKRAFFAGEKALPVIAGGKA,0.9963,0.9957,0.9887,0.0009,1,Bad
RRCRIVQLRRCKRR,0.9987,0.9398,0.5244,0.9951,1,Bad
LSCKRG,0.9988,0.0014,0.0101,0.7880,1,Bad
CRNGRKTRERLSGTCRVINAASFNCCSRCG,0.9980,0.4386,0.9295,0.9968,1,Bad
LTCDLLSGTGINHSACAAHCLAMRRRGGRCNATISCNCRK,0.9983,0.0877,0.9933,0.5114,1,Bad
VNSTHLR,0.9985,0.0000,0.0296,0.9629,1,Bad
KTCELLSGTVKGSCVNDSACAINCIAKGYKGGTCNRKGICVCRN,0.9984,0.0033,0.9340,0.9254,1,Bad
GSGILIETFSFKLLW,0.9984,0.0005,0.0405,0.8954,1,Bad
NGKVRKKGIQHIGIKLPKALSLSPLEL,0.9982,0.5646,0.0154,0.8892,1,Bad
KLCAELSHFFKGYCTSDSNCASVCQTEGFSGKNCDGFRRRCFCTKPC,0.9984,0.0003,0.0003,0.9336,1,Bad
KYTFWNRCTCTLSGTKG,0.9985,0.7043,0.1361,0.8274,1,Bad
ILGYLNPLEIEEENEESTEPEEKPSPEERSRQYN,0.9978,0.0005,0.0001,0.9856,0,Bad
VSCDLLSFEAKGFAINHASCALHCIALGKRGGWCDGRAVCNCRR,0.9952,0.0000,0.8282,0.9966,0,Bad
NNEPVYSPDPPPEISRPRPNNNPNEPHHPRHPEIAPVPDPVPNPKH,0.9978,0.0000,0.0000,0.9975,0,Bad
ACIFDLLKGAAKGVAAHLLHCLASRGRCANFVCDCRETELWDDEDDMQ,0.9863,0.0000,0.9959,0.9998,0,Bad
LTCENLAATPKGTTNFAGSNKDCRTEGGHTCDLLSSLCVHHDHSKSLWP,0.9966,0.0000,0.0000,0.9991,0,Bad
TTLTFSITSHIIF,0.9976,0.5132,0.0002,0.6166,0,Bad
FYHFSYHHGVNTHTRTRKKALLHHSL,0.9877,0.4860,0.0083,0.9118,0,Bad
THVYTLRNGICTFDSPYLVKDTNTKTKRLCKCSQHIQEKDSHSI,0.9938,0.0000,0.0000,0.9988,0,Bad
YHVFRLSKKVQKLIDQFGE,0.9971,0.0007,0.0005,0.9998,0,Bad
RRLARRLSKRRRRLRRDQCRPRQPRCSTRQG,0.9952,0.9884,0.0005,0.9892,0,Bad
VSGIGPLAVSCAGSASSLSFGNSACAVTRLAAGSSSGGSKCCIATVLAR,0.9924,0.0000,0.0092,0.7659,0,Bad
FIVAGQLAKLFCGIRRLNGPKVRQLYEKDIRQVGSRTFKHASS,0.9390,0.2410,0.0000,0.9992,0,Bad
ATPPITTVATSA,0.9969,0.0000,0.0169,0.9999,0,Bad
MLFITARISAELSKGKAAQEKFGKAAKAAKKR,0.9970,0.0595,0.0371,0.9772,0,Bad
QRVCPRQPGLTCPGPLQCCRQYGTCRLGASQAHKAHQTPVACQQQR,0.9965,0.0111,0.0003,0.7385,0,Bad
CAGWNFCALNILPPNTGSAVVNGFGPANCGAGVHHSLPFKA,0.8663,0.9197,0.0003,0.9979,0,Bad
SLGVVTCTLKSIPSVSPKA,0.9957,0.0000,0.1964,0.9342,0,Bad
QLHCARKSGTCFFYEKQTKLCGDHFSTVLQQQAEGQEYIHSSSDDHYKS,0.9961,0.0000,0.0017,0.9992,0,Bad
GNRPAYIPQPRPPHPRL,0.9967,0.9878,0.0001,0.9995,0,Bad
VAVVGQATQIATQPKKAKKAKQKALAAKA,0.9977,0.0248,0.0121,0.6499,0,Bad
MTPWWRGVIALKPVASVSFG,0.9860,0.0968,0.8751,0.9029,0,Bad
GSRPVYIPPRPPHPRL,0.9975,0.8889,0.0048,0.9994,0,Bad
RTCDLLSFEAKGFAKNHSACAAHCLALGKTGGRCNSDRVCTCRT,0.9980,0.0014,0.8631,0.9391,0,Bad
QTHPPTTTPTTTTPTTPTPTTTAPATTTPGTKTTGTTT,0.9965,0.2594,0.0001,0.9870,0,Bad
QNGRLCYAVPPPFAKYDNGK,0.9977,0.7455,0.7570,0.8541,0,Bad
WLSIQARISCGKSFCKDTLCRIVRR,0.9976,0.3380,0.9831,0.7488,0,Bad
GNNRPAYIPQPRPPHPRL,0.9974,0.9967,0.0035,0.9995,0,Bad
GGRPAYIPRPRPPHPRL,0.9976,0.9978,0.0024,0.9989,0,Bad
GIINTLQKYYCRVRGGRSAVLSSLPEEEQIGKSSTRGRKCSRRKK,0.9980,0.0164,0.0000,0.9999,0,Bad
MTPRWRGVSKKLSPKKCRKASCPGDTFLSSIGG,0.9908,0.7188,0.9855,0.9991,0,Bad
GSAPVYIPQPRPPHPRL,0.9969,0.9087,0.0005,0.9966,0,Bad
GIINTLQKYYCRVRGGRSAVLSSLPTLEQQGKQETESL,0.9963,0.0022,0.0000,1.0000,0,Bad
SLLSKTYKKLENSKKKRIAEGIAIAIQGGPR,0.9968,0.9933,0.0063,1.0000,0,Bad
NGLKKFLRKSKKLNKVITV,0.9931,0.6082,0.5915,0.8513,0,Bad
GNNRPAYIPQPRPPHPRL,0.9974,0.9967,0.0035,0.9995,0,Bad
HALRSRGGRGLSPKRPKARSRRRFPKAS,0.9965,0.0904,0.0099,0.9628,0,Bad
THKNMPRYQTDLVLYHALNYTSKGARSLAHCLAALSHHPLGNRMYRWAT,0.8569,0.0503,0.0004,0.5301,0,Bad
GITNFNKGAAQILAKKLFKQALKAQAEKNANMKPPT,0.9962,0.5416,0.0049,0.7525,0,Bad
QSHWERLSNRNGGPPFLSRLFRKPRQRPRL,0.9944,0.0050,0.0188,0.9984,0,Bad
MTPLWRGIMNSKPSEKFTASQNNQECRRKNRCVLASRRY,0.9244,0.1444,0.0018,0.8350,0,Bad
GNVRPIYIQPRPPHPRL,0.9976,0.9575,0.0004,0.9999,0,Bad
APATRRRCPTCSQLCRAGLCLQAVRRSGSCGVGHVGRPAYRRRW,0.9980,0.4696,0.2760,0.9993,0,Bad
KWKIFKKIEKMGGSYKVPICIKCKRTGKCQRM,0.9973,0.0000,0.9137,0.9908,0,Bad
ATTADSQSFQVLATQENKAKPQKAEHYKQQKQMKKKR,0.7102,0.0075,0.0000,0.9438,0,Bad
GNNRPGYIPQPRPPHPRL,0.9979,0.9977,0.0056,0.9990,0,Bad
VSPSWGGTAAGVAES,0.9958,0.0319,0.0021,0.9994,0,Bad
RRARPRPPFLPRPRPRPFPPPRFP,0.9980,0.8661,0.0001,0.9968,0,Bad
APPHGQAQPRPRHRPRPRLPHPLPLPLPLFRN,0.9947,0.9409,0.0000,0.9994,0,Bad
YSFRLCFKRLCRANFSLSFFYLTSSSYLCRRETCFRARSSCRGDRCGSR,0.9970,0.9913,0.4777,0.9869,0,Bad
GSGPVYIQPRPPHPRL,0.9975,0.6912,0.0014,0.9974,0,Bad
GSVHVPVYRNPYNRVHGF,0.9975,0.4333,0.0262,0.9982,0,Bad
KKSESIGITVAQECRTANCKGTATQSCPQVYCACQYHLCHVVAA,0.9973,0.3165,0.0010,0.5165,0,Bad
EKSPHFIPGPLPPPGSPPASPPQPGPPYP,0.9972,0.0001,0.0000,0.9571,0,Bad
EDDGPDEEDRNQKNMQQEENSENLEEKRY,0.8619,0.0000,0.0000,0.9938,0,Bad
AGRGYKGGMPRPRPQPRPRPRL,0.9976,0.9952,0.0176,0.9904,0,Bad
GFGSVLNRVLKHVIRAARDHGKDIERVRQAIQQ,0.9946,0.9780,0.2344,0.9401,0,Bad
QKGCPNNTLRPNIYNTCRAGGASSRLVASCKYTIPSAKPAHTALSAP,0.9793,0.8192,0.0328,0.9995,0,Bad
MTPLWRIVSALRRCIQNCQANVLQFDDSAGQKCKESASCHMAEY,0.9961,0.0000,0.1255,0.9996,0,Bad
GNPNRREAYNIPPPPPPPPGPPPASMPLPIPRPGPQP,0.9961,0.0176,0.0001,0.9634,0,Bad
ATCDLLSLSTAWNHSACAAHCLLRGNRGGYCNSDRVCVCRN,0.9816,0.0032,0.9415,0.8659,0,Bad
RRGSKWIKDSPEEFISKSLQTF,0.9978,0.3666,0.0002,0.9359,0,Bad
