condition,sequence,length,generator_condition,condition_slug,record_index,record_id,sequence_occurrence,amp_score,e_coli_score,s_aureus_score,hemolytic_score,overall_score,requested_hit,non_hemolytic,safe_hit,composite_score
Antibacterial,GLWSKIRSAIKEAAKAAAKAAGKAALDAVSEAI,33,"[1, 0, 0, 0, 0, 0, 0]",antibacterial,67,antibacterial__0067,0,0.9988,1.0,1.0,0.0,4,1,1,1,0.8997599999999999
Antibacterial,RGGRLCYCRRRFCVCVGR,18,"[1, 0, 0, 0, 0, 0, 0]",antibacterial,87,antibacterial__0087,0,0.9983,1.0,0.9986,0.0002,3,1,1,1,0.89932
Antibacterial,SLWSKIKEAASKAAKAAAKAAGKAALGAVSEAI,33,"[1, 0, 0, 0, 0, 0, 0]",antibacterial,35,antibacterial__0035,0,0.9988,0.9999,0.9823,0.0,3,1,1,1,0.8961999999999999
Antibacterial,GFGSLFKGAAKLIGKTVAKEAGKTGLELMACKVTNQC,37,"[1, 0, 0, 0, 0, 0, 0]",antibacterial,232,antibacterial__0232,0,0.9986,0.999,0.9609,0.0012,3,1,1,1,0.89134
Antibacterial,HLWKGLLKKVLKAAAKAAL,19,"[1, 0, 0, 0, 0, 0, 0]",antibacterial,89,antibacterial__0089,0,0.9989,0.9753,0.9799,0.0002,2,1,1,1,0.89076
Antibacterial,GIGKKILSGIKSLF,14,"[1, 0, 0, 0, 0, 0, 0]",antibacterial,28,antibacterial__0028,0,0.9988,0.9727,0.9778,0.0012,2,1,1,1,0.8895
Antibacterial,FLPIVGKLLSGLSGLL,16,"[1, 0, 0, 0, 0, 0, 0]",antibacterial,63,antibacterial__0063,0,0.9988,0.961,0.9859,0.0189,2,1,1,1,0.88347
Antibacterial,FLSLIPSIVSGAVSLVKKL,19,"[1, 0, 0, 0, 0, 0, 0]",antibacterial,70,antibacterial__0070,0,0.9988,0.9211,0.9855,0.0001,2,1,1,1,0.8810500000000001
Antibacterial,FFGKVFKLASKVFGAVFGKV,20,"[1, 0, 0, 0, 0, 0, 0]",antibacterial,118,antibacterial__0118,0,0.9988,0.9732,0.9216,0.0027,2,1,1,1,0.87791
Antibacterial,GLLSGILGAGKHIVCGLSGLC,21,"[1, 0, 0, 0, 0, 0, 0]",antibacterial,201,antibacterial__0201,0,0.9988,0.9656,0.925,0.0011,2,1,1,1,0.87755
Antibacterial,GLWSKIKNVASEAAIAAGKAALGALSEAL,29,"[1, 0, 0, 0, 0, 0, 0]",antibacterial,183,antibacterial__0183,0,0.9987,0.9958,0.8683,0.0056,2,1,1,1,0.8708799999999999
Antibacterial,RGGRLCYTRKRFTVCVGR,18,"[1, 0, 0, 0, 0, 0, 0]",antibacterial,231,antibacterial__0231,0,0.9983,1.0,0.954,0.0671,3,1,1,1,0.8703299999999999
Antibacterial,GIGTALKGAAKKLGKALAKEGGKAGLEHLACKATNQC,37,"[1, 0, 0, 0, 0, 0, 0]",antibacterial,113,antibacterial__0113,0,0.9986,0.9802,0.8789,0.0203,2,1,1,1,0.86545
Antibacterial,FLPIIGKLLSGLSGLL,16,"[1, 0, 0, 0, 0, 0, 0]",antibacterial,71,antibacterial__0071,0,0.9988,0.8298,0.9824,0.0248,2,1,1,1,0.85476
Antibacterial,IFGIVGKLLSGLSSL,15,"[1, 0, 0, 0, 0, 0, 0]",antibacterial,221,antibacterial__0221,0,0.9988,0.9655,0.8048,0.0004,2,1,1,1,0.8536999999999999
Gram+,ITSCSLCTPGCVKGALQTCFLQTITCNCKISK,32,"[0, 1, 0, 0, 0, 0, 0]",gramplus,34,gramplus__0034,0,0.9983,0.0001,1.0,0.0021,3,1,1,1,0.89885
Gram+,FLPFLINAASLLPSLISSFSKKT,23,"[0, 1, 0, 0, 0, 0, 0]",gramplus,57,gramplus__0057,0,0.9986,0.0,0.9938,0.0001,2,1,1,1,0.8976899999999999
Gram+,FLGVVFKLASKVFGAVFGKV,20,"[0, 1, 0, 0, 0, 0, 0]",gramplus,33,gramplus__0033,0,0.9987,0.0,0.9925,0.0024,2,1,1,1,0.89664
Gram+,VTSASLCTPGCKTGALQTCFLQTITCNCKIKK,32,"[0, 1, 0, 0, 0, 0, 0]",gramplus,128,gramplus__0128,0,0.9986,0.0306,1.0,0.0005,3,1,1,1,0.89637
Gram+,FLPILGNLLKSLL,13,"[0, 1, 0, 0, 0, 0, 0]",gramplus,86,gramplus__0086,0,0.9986,0.0051,0.9898,0.001,2,1,1,1,0.8957099999999999
Gram+,GLLSLLSLGSKLL,13,"[0, 1, 0, 0, 0, 0, 0]",gramplus,219,gramplus__0219,0,0.9987,0.0066,1.0,0.011,3,1,1,1,0.89565
Gram+,FLPIVGNLLKSLL,13,"[0, 1, 0, 0, 0, 0, 0]",gramplus,7,gramplus__0007,0,0.9985,0.0322,0.9947,0.0008,2,1,1,1,0.8945000000000001
Gram+,FLPLLGNLLKSLL,13,"[0, 1, 0, 0, 0, 0, 0]",gramplus,209,gramplus__0209,0,0.9986,0.0346,0.9949,0.0037,2,1,1,1,0.8934799999999999
Gram+,FLSTILSTLSLLF,13,"[0, 1, 0, 0, 0, 0, 0]",gramplus,69,gramplus__0069,0,0.998,0.0098,0.9814,0.0004,2,1,1,1,0.89272
Gram+,GFGCNGPWSEDDIQCHNHCKSIKGYKGGYCGGFVCKCY,38,"[0, 1, 0, 0, 0, 0, 0]",gramplus,217,gramplus__0217,0,0.9985,0.0,0.9869,0.0106,2,1,1,1,0.89244
Gram+,ITSISCCPPGCKTAALGCSQKICKC,25,"[0, 1, 0, 0, 0, 0, 0]",gramplus,221,gramplus__0221,0,0.9987,0.0003,0.9737,0.0007,2,1,1,1,0.8914799999999999
Gram+,GFGCPWNEYQCHSHCRSISGRKGGYCTGIIKQTCTCYRN,39,"[0, 1, 0, 0, 0, 0, 0]",gramplus,96,gramplus__0096,0,0.9985,0.0653,0.9991,0.0089,3,1,1,1,0.89008
Gram+,FIRAILRKIF,10,"[0, 1, 0, 0, 0, 0, 0]",gramplus,53,gramplus__0053,0,0.9988,0.0207,0.9784,0.0043,2,1,1,1,0.8897999999999999
Gram+,VTSISLCTPGCITGALMGCAMSTATCNCSC,30,"[0, 1, 0, 0, 0, 0, 0]",gramplus,235,gramplus__0235,0,0.9976,0.0721,0.9937,0.0013,1,1,1,1,0.88979
Gram+,FLKVVFKVASKVFGAVFGKV,20,"[0, 1, 0, 0, 0, 0, 0]",gramplus,237,gramplus__0237,0,0.9986,0.0,0.9658,0.0015,2,1,1,1,0.8888699999999999
Gram-,GLKEKIKEKAKEAAKKGAGAIAKAALGAASEAV,33,"[0, 0, 1, 0, 0, 0, 0]",gram,209,gram__0209,0,0.9987,0.9987,0.0357,0.0,3,1,1,1,0.89565
Gram-,WWLKKIGKKIERVGQHTRDATIQTIGVAQQAANVAATAR,39,"[0, 0, 1, 0, 0, 0, 0]",gram,115,gram__0115,0,0.9987,0.9998,0.0002,0.0296,3,1,1,1,0.8906499999999998
Gram-,GVLKKLGKKLEGVGKRVFKASEKLLPVVQGVVGIPAS,37,"[0, 0, 1, 0, 0, 0, 0]",gram,71,gram__0071,0,0.9988,0.9797,0.0213,0.0038,2,1,1,1,0.89028
Gram-,GWLKKIGKKIERVGQHTRDATIQTIGVAQQAANVAATLK,39,"[0, 0, 1, 0, 0, 0, 0]",gram,130,gram__0130,0,0.9987,1.0,0.0,0.0322,3,1,1,1,0.88995
Gram-,GWLRKIGKKIERVGQHTRDATIQTIGVAQQAANVAATAR,39,"[0, 0, 1, 0, 0, 0, 0]",gram,27,gram__0027,0,0.9987,0.9996,0.0002,0.0323,3,1,1,1,0.8897799999999999
Gram-,GGLKKLGKKIERVGQHTRDATIQTIGVAQQAANVAATAKG,40,"[0, 0, 1, 0, 0, 0, 0]",gram,190,gram__0190,0,0.9987,0.9935,0.0,0.0289,2,1,1,1,0.88899
Gram-,GSVIKCGETCFLGKCYTKECSCHNPLCYKN,30,"[0, 0, 1, 0, 0, 0, 0]",gram,250,gram__0250,0,0.9987,0.9622,0.0001,0.0001,2,1,1,1,0.88823
Gram-,GWLKKIGKKIERVGQHTRDATIQAIGIAQQAANVAATAR,39,"[0, 0, 1, 0, 0, 0, 0]",gram,124,gram__0124,0,0.9988,0.9992,0.0,0.0499,3,1,1,1,0.8844299999999998
Gram-,GLKKIGKAIERVGQRTRDATIQAIGVAQQAANVAATAR,38,"[0, 0, 1, 0, 0, 0, 0]",gram,22,gram__0022,0,0.9986,0.9978,0.0006,0.0498,2,1,1,1,0.88392
Gram-,GLLSGLLGAGKKIACGLSGLC,21,"[0, 0, 1, 0, 0, 0, 0]",gram,74,gram__0074,0,0.9988,0.9776,0.1056,0.0022,2,1,1,1,0.8817
Gram-,GWLKKIGKKIERVGQHTRDATIQGLGIAQQAANVAATAR,39,"[0, 0, 1, 0, 0, 0, 0]",gram,35,gram__0035,0,0.9988,1.0,0.0,0.0777,3,1,1,1,0.87633
Gram-,GIFPKILGKGIKTGIVNAIKGAGKEAGLETLRTGIDVIGCKIKGEC,46,"[0, 0, 1, 0, 0, 0, 0]",gram,218,gram__0218,0,0.9987,0.9161,0.0157,0.0,2,1,1,1,0.8728699999999999
Gram-,GLMSLLKGVLKTAGKNVAGSLLDQLKCKITGGC,33,"[0, 0, 1, 0, 0, 0, 0]",gram,103,gram__0103,0,0.9988,0.8849,0.0,0.0004,2,1,1,1,0.8649899999999999
Gram-,GIFSKILGKKIKKGLIVGGAKTAGLSALTTGMDVIGTKIKGEC,43,"[0, 0, 1, 0, 0, 0, 0]",gram,111,gram__0111,0,0.9988,0.9341,0.2565,0.0003,2,1,1,1,0.8541300000000001
Gram-,ASVVKKLTKKVWKALAKAK,19,"[0, 0, 1, 0, 0, 0, 0]",gram,221,gram__0221,0,0.9989,0.9778,0.2613,0.0637,2,1,1,1,0.84777
Antibacterial + Gram+,GLSLLLSLGLKLL,13,"[1, 1, 0, 0, 0, 0, 0]",antibacterial_plus_gramplus,64,antibacterial_plus_gramplus__0064,0,0.9987,0.0001,1.0,0.0,3,1,1,1,0.8996000000000001
Antibacterial + Gram+,GFGCNGPWDEDDMQCHNHCIKGYKGGYCAKGGFVCKCY,38,"[1, 1, 0, 0, 0, 0, 0]",antibacterial_plus_gramplus,85,antibacterial_plus_gramplus__0085,1,0.9982,0.0,0.9994,0.001,3,1,1,1,0.8989799999999999
Antibacterial + Gram+,ITSFSLCTPGCKTGALMTCFLQTATCGCHISK,32,"[1, 1, 0, 0, 0, 0, 0]",antibacterial_plus_gramplus,135,antibacterial_plus_gramplus__0135,0,0.9971,0.001,0.9978,0.0002,1,1,1,1,0.8983099999999999
Antibacterial + Gram+,FLGVVFKLASKVFGAVFGKV,20,"[1, 1, 0, 0, 0, 0, 0]",antibacterial_plus_gramplus,150,antibacterial_plus_gramplus__0150,1,0.9987,0.0,0.9925,0.0024,2,1,1,1,0.89664
Antibacterial + Gram+,FLSLIPHIVSGVASLAKHF,19,"[1, 1, 0, 0, 0, 0, 0]",antibacterial_plus_gramplus,152,antibacterial_plus_gramplus__0152,0,0.9982,0.002,0.9886,0.0014,2,1,1,1,0.8954200000000001
Antibacterial + Gram+,FLPIVGNLLKSLL,13,"[1, 1, 0, 0, 0, 0, 0]",antibacterial_plus_gramplus,98,antibacterial_plus_gramplus__0098,1,0.9985,0.0322,0.9947,0.0008,2,1,1,1,0.8945000000000001
Antibacterial + Gram+,VTIDDLVREAKGVLANHSLCLAHCLALGKSGGSCQRGVCVCRN,43,"[1, 1, 0, 0, 0, 0, 0]",antibacterial_plus_gramplus,108,antibacterial_plus_gramplus__0108,0,0.9979,0.0003,0.9852,0.0053,1,1,1,1,0.89331
Antibacterial + Gram+,FLPILGNLLKGLL,13,"[1, 1, 0, 0, 0, 0, 0]",antibacterial_plus_gramplus,192,antibacterial_plus_gramplus__0192,0,0.9986,0.0022,0.9797,0.0015,2,1,1,1,0.89282
Antibacterial + Gram+,FLGVVFKLASKVFGKIF,17,"[1, 1, 0, 0, 0, 0, 0]",antibacterial_plus_gramplus,175,antibacterial_plus_gramplus__0175,0,0.9988,0.0004,0.9772,0.0008,2,1,1,1,0.89252
Antibacterial + Gram+,GFGCPWNEYACHNHCRSIRGYKGGYCKGTFKQTCTCY,37,"[1, 1, 0, 0, 0, 0, 0]",antibacterial_plus_gramplus,2,antibacterial_plus_gramplus__0002,0,0.9986,0.0266,0.9998,0.0154,3,1,1,1,0.89224
Antibacterial + Gram+,LGPLLGNLLKKLL,13,"[1, 1, 0, 0, 0, 0, 0]",antibacterial_plus_gramplus,121,antibacterial_plus_gramplus__0121,0,0.9988,0.048,0.9943,0.0069,2,1,1,1,0.8910599999999999
Antibacterial + Gram+,FFPLILGLIFGLL,13,"[1, 1, 0, 0, 0, 0, 0]",antibacterial_plus_gramplus,84,antibacterial_plus_gramplus__0084,0,0.9986,0.0027,0.9484,0.0001,2,1,1,1,0.8837999999999999
Antibacterial + Gram+,FLPILGSLLKSLL,13,"[1, 1, 0, 0, 0, 0, 0]",antibacterial_plus_gramplus,231,antibacterial_plus_gramplus__0231,1,0.9987,0.04,0.9597,0.0004,2,1,1,1,0.8834
Antibacterial + Gram+,ITSISLCTAGCVTGILMTCPLGSATCNCSIHVSK,34,"[1, 1, 0, 0, 0, 0, 0]",antibacterial_plus_gramplus,214,antibacterial_plus_gramplus__0214,0,0.995,0.0005,0.9809,0.0311,1,1,1,1,0.88339
Antibacterial + Gram+,TTSFSLCTPGCVTGILS,17,"[1, 1, 0, 0, 0, 0, 0]",antibacterial_plus_gramplus,115,antibacterial_plus_gramplus__0115,0,0.9969,0.0011,0.946,0.0002,1,1,1,1,0.8826999999999998
Antibacterial + Gram-,GLWSRIRRKIPRLGLKYGIKLIKKLKQRIQE,31,"[1, 0, 1, 0, 0, 0, 0]",antibacterial_plus_gram,200,antibacterial_plus_gram__0200,0,0.9988,0.9994,0.0001,0.0001,3,1,1,1,0.89942
Antibacterial + Gram-,GWLKKLGKKIERVGQHTRDATIQTIGIAQQAANVAATLK,39,"[1, 0, 1, 0, 0, 0, 0]",antibacterial_plus_gram,195,antibacterial_plus_gram__0195,0,0.9987,0.9999,0.0,0.0025,3,1,1,1,0.89883
Antibacterial + Gram-,GWLKKVGKKLERVGQHTRDATIQTLGIAQQAANVAATAR,39,"[1, 0, 1, 0, 0, 0, 0]",antibacterial_plus_gram,22,antibacterial_plus_gram__0022,0,0.9986,1.0,0.0,0.0138,3,1,1,1,0.89544
Antibacterial + Gram-,GWLKKIGKKIERVGQHTRDATIQTIGVAQQAVNVAATAR,39,"[1, 0, 1, 0, 0, 0, 0]",antibacterial_plus_gram,67,antibacterial_plus_gram__0067,0,0.9988,1.0,0.0001,0.0163,3,1,1,1,0.8947400000000001
Antibacterial + Gram-,ASVVKKLTKGVAKLLK,16,"[1, 0, 1, 0, 0, 0, 0]",antibacterial_plus_gram,83,antibacterial_plus_gram__0083,0,0.9988,0.9988,0.0632,0.0002,3,1,1,1,0.8929
Antibacterial + Gram-,KKLGKKIELMGRLVSSRLGIALPLGGGRPIPRLGAMGKR,39,"[1, 0, 1, 0, 0, 0, 0]",antibacterial_plus_gram,174,antibacterial_plus_gram__0174,0,0.9986,0.9997,0.0172,0.0203,3,1,1,1,0.8916799999999999
Antibacterial + Gram-,GWLKKIGKKIERVGQHTRDATIQTIGVAQQAANVAATLK,39,"[1, 0, 1, 0, 0, 0, 0]",antibacterial_plus_gram,48,antibacterial_plus_gram__0048,1,0.9987,1.0,0.0,0.0322,3,1,1,1,0.88995
Antibacterial + Gram-,GWLRKIGKKIERVGQHTRDATIQTIGVAQQAANVAATAR,39,"[1, 0, 1, 0, 0, 0, 0]",antibacterial_plus_gram,238,antibacterial_plus_gram__0238,1,0.9987,0.9996,0.0002,0.0323,3,1,1,1,0.8897799999999999
Antibacterial + Gram-,RWLKKIGKKIERVGQNTRDATIQTIGIAQQAANVAATAR,39,"[1, 0, 1, 0, 0, 0, 0]",antibacterial_plus_gram,75,antibacterial_plus_gram__0075,0,0.9987,1.0,0.0,0.0428,3,1,1,1,0.8867700000000001
Antibacterial + Gram-,FLGKIFKLASKVFPAVFGKV,20,"[1, 0, 1, 0, 0, 0, 0]",antibacterial_plus_gram,191,antibacterial_plus_gram__0191,0,0.9988,0.954,0.0379,0.0001,2,1,1,1,0.88202
Antibacterial + Gram-,GVLSGLKGLGKVLGKVLLSKAKCKLSGQC,29,"[1, 0, 1, 0, 0, 0, 0]",antibacterial_plus_gram,20,antibacterial_plus_gram__0020,0,0.9989,0.9566,0.0631,0.0068,2,1,1,1,0.8783
Antibacterial + Gram-,ASVVKKLTGKVAKLLK,16,"[1, 0, 1, 0, 0, 0, 0]",antibacterial_plus_gram,72,antibacterial_plus_gram__0072,0,0.9988,0.9957,0.2069,0.0006,2,1,1,1,0.8774799999999999
Antibacterial + Gram-,ASIVKKITKKLLK,13,"[1, 0, 1, 0, 0, 0, 0]",antibacterial_plus_gram,136,antibacterial_plus_gram__0136,0,0.9989,0.971,0.1126,0.0146,2,1,1,1,0.8753299999999999
Antibacterial + Gram-,GWLKKFGKKIERVGQHTRDATIQGIGVAQQAANVAATAR,39,"[1, 0, 1, 0, 0, 0, 0]",antibacterial_plus_gram,43,antibacterial_plus_gram__0043,0,0.9987,0.9979,0.0002,0.0969,2,1,1,1,0.8698899999999999
Antibacterial + Gram-,SSVVKKLTKKVAKLLK,16,"[1, 0, 1, 0, 0, 0, 0]",antibacterial_plus_gram,242,antibacterial_plus_gram__0242,0,0.9989,0.995,0.1603,0.0635,2,1,1,1,0.8630899999999999
Unconditional,GLWSKIKEVGKAAALAAAKAAGKAALDAVSEAI,33,"[0, 0, 0, 0, 0, 0, 0]",unconditional,45,unconditional__0045,0,0.9988,1.0,0.9999,0.0,4,1,1,1,0.3
Unconditional,GLWSKIKTAGKEAAKAAAKAAGKAALNAVSEAL,33,"[0, 0, 0, 0, 0, 0, 0]",unconditional,117,unconditional__0117,0,0.9988,1.0,1.0,0.0,4,1,1,1,0.3
Unconditional,GLWSKIKTVGKEAAKAAAKAAGKAVLGSASEAV,33,"[0, 0, 0, 0, 0, 0, 0]",unconditional,128,unconditional__0128,0,0.9988,1.0,0.9981,0.0,3,1,1,1,0.3
Unconditional,FLGAITSLLGKLF,13,"[0, 0, 0, 0, 0, 0, 0]",unconditional,234,unconditional__0234,0,0.9988,0.0187,0.9936,0.0,2,1,1,1,0.3
Unconditional,GIPCGESCVWIPCITSAIGCSCKSKVCYRN,30,"[0, 0, 0, 0, 0, 0, 0]",unconditional,8,unconditional__0008,0,0.9987,0.0008,0.0675,0.0,2,1,1,1,0.3
Unconditional,GIPCGESCVWIPCTVTALLGCSCSNKVCYN,30,"[0, 0, 0, 0, 0, 0, 0]",unconditional,12,unconditional__0012,2,0.9987,0.0662,0.2412,0.0,2,1,1,1,0.3
Unconditional,GLRSKIKTAGQEAAKAALKAAGKAALDAVSEAV,33,"[0, 0, 0, 0, 0, 0, 0]",unconditional,98,unconditional__0098,0,0.9987,0.9924,0.9993,0.0,3,1,1,1,0.3
Unconditional,RIPCGESCVWIPCTVTALLGCSCSNKVCYN,30,"[0, 0, 0, 0, 0, 0, 0]",unconditional,131,unconditional__0131,0,0.9987,0.0297,0.2062,0.0,2,1,1,1,0.3
Unconditional,GIPCGESCVFIPCLTSAIGCSCSSKVCYRN,30,"[0, 0, 0, 0, 0, 0, 0]",unconditional,143,unconditional__0143,0,0.9987,0.3658,0.0045,0.0,2,1,1,1,0.3
Unconditional,GIPCGESCVWIPCLTSAIGCSCSNKVCYRN,30,"[0, 0, 0, 0, 0, 0, 0]",unconditional,148,unconditional__0148,0,0.9987,0.0018,0.1047,0.0,2,1,1,1,0.3
Unconditional,GIPCAESCVWIPCTVTALLGCSCKNKVCYRN,31,"[0, 0, 0, 0, 0, 0, 0]",unconditional,161,unconditional__0161,0,0.9987,0.4121,0.0162,0.0,2,1,1,1,0.3
Unconditional,GLWSTIKNVGKEAALAAGKAALGAVLDAISEAV,33,"[0, 0, 0, 0, 0, 0, 0]",unconditional,162,unconditional__0162,0,0.9987,1.0,0.9999,0.0,4,1,1,1,0.3
Unconditional,GIPCGESCVWIPCISAAIGCSCSNKVCYRN,30,"[0, 0, 0, 0, 0, 0, 0]",unconditional,164,unconditional__0164,0,0.9987,0.0143,0.9178,0.0,2,1,1,1,0.3
Unconditional,GIPCAESCVWIPCTVTALVGCSCSNKVCYKN,31,"[0, 0, 0, 0, 0, 0, 0]",unconditional,171,unconditional__0171,0,0.9987,0.0583,0.0133,0.0,2,1,1,1,0.3
Unconditional,GLWSKIKTAGKEAAKAAAKAAGKAALNAASEAL,33,"[0, 0, 0, 0, 0, 0, 0]",unconditional,239,unconditional__0239,0,0.9987,1.0,0.9992,0.0,4,1,1,1,0.3
